-- phpMyAdmin SQL Dump
-- version 5.0.3
-- https://www.phpmyadmin.net/
--
-- Host: 127.0.0.1
-- Generation Time: Jun 09, 2021 at 09:37 AM
-- Server version: 10.4.14-MariaDB
-- PHP Version: 7.4.11

SET SQL_MODE = "NO_AUTO_VALUE_ON_ZERO";
START TRANSACTION;
SET time_zone = "+00:00";


/*!40101 SET @OLD_CHARACTER_SET_CLIENT=@@CHARACTER_SET_CLIENT */;
/*!40101 SET @OLD_CHARACTER_SET_RESULTS=@@CHARACTER_SET_RESULTS */;
/*!40101 SET @OLD_COLLATION_CONNECTION=@@COLLATION_CONNECTION */;
/*!40101 SET NAMES utf8mb4 */;

--
-- Database: `db_projek_pkl`
--

-- --------------------------------------------------------

--
-- Table structure for table `absensis`
--

CREATE TABLE `absensis` (
  `id` int(11) NOT NULL,
  `time_in` timestamp NULL DEFAULT NULL,
  `time_out` timestamp NULL DEFAULT NULL,
  `latitude` double(11,8) DEFAULT NULL,
  `longtitude` double(11,8) DEFAULT NULL,
  `karyawans_id` int(11) NOT NULL,
  `keterangan` varchar(45) DEFAULT NULL,
  `created_at` timestamp NULL DEFAULT NULL,
  `updated_at` timestamp NULL DEFAULT NULL,
  `deleted_at` timestamp NULL DEFAULT NULL
) ENGINE=InnoDB DEFAULT CHARSET=utf8 ROW_FORMAT=DYNAMIC;

--
-- Dumping data for table `absensis`
--

INSERT INTO `absensis` (`id`, `time_in`, `time_out`, `latitude`, `longtitude`, `karyawans_id`, `keterangan`, `created_at`, `updated_at`, `deleted_at`) VALUES
(61, '2021-04-26 08:06:07', NULL, -0.50210600, 117.15370900, 2314, NULL, '2021-04-26 08:06:07', '2021-04-26 08:06:07', NULL),
(62, '2021-04-26 11:09:00', '2021-04-26 11:48:06', -0.53546180, 117.12335000, 2314, NULL, '2021-04-26 11:09:00', '2021-04-26 11:48:06', NULL),
(63, '2021-05-02 03:56:33', '2021-05-02 04:04:19', -0.51584560, 117.13365420, 2314, NULL, '2021-05-02 03:56:33', '2021-05-02 04:04:19', NULL),
(64, '2021-05-11 03:34:55', '2021-05-11 03:40:16', -0.48937110, 117.14856670, 2314, NULL, '2021-05-11 03:34:55', '2021-05-11 12:26:41', '2021-05-11 12:26:41'),
(65, '2021-05-11 03:43:24', '2021-05-11 03:45:55', -0.48934460, 117.14857880, 2314, NULL, '2021-05-11 03:43:24', '2021-05-11 03:46:14', '2021-05-11 03:46:14'),
(66, '2021-05-11 03:44:01', NULL, -0.53640890, 117.12445950, 2314, NULL, '2021-05-11 03:44:01', '2021-05-11 03:45:46', '2021-05-11 03:45:46'),
(67, '2021-05-11 03:45:04', NULL, -0.53640890, 117.12445950, 2314, NULL, '2021-05-11 03:45:04', '2021-05-11 03:45:34', '2021-05-11 03:45:34'),
(68, '2021-05-11 03:49:28', NULL, -0.53640890, 117.12445950, 2314, NULL, '2021-05-11 03:49:28', '2021-05-11 03:50:19', '2021-05-11 03:50:19'),
(69, '2021-05-11 13:14:23', '2021-05-11 13:59:41', -0.47537670, 117.18793330, 2314, NULL, '2021-05-11 13:14:23', '2021-05-11 13:59:41', NULL),
(70, '2021-05-19 04:15:08', '2021-05-19 04:17:50', -0.53546180, 117.12335000, 2314, NULL, '2021-05-19 04:15:08', '2021-05-19 04:17:50', NULL),
(71, '2021-05-20 14:08:27', '2021-05-20 14:09:28', -0.47545520, 117.18791450, 2314, NULL, '2021-05-20 14:08:27', '2021-05-20 14:09:28', NULL),
(72, '2021-05-23 10:11:09', NULL, -0.47552380, 117.18793910, 2314, NULL, '2021-05-23 10:11:09', '2021-05-23 10:11:40', '2021-05-23 10:11:40'),
(73, '2021-05-23 10:43:21', '2021-05-23 10:45:27', -0.47552380, 117.18793910, 2314, NULL, '2021-05-23 10:43:21', '2021-05-23 11:08:21', '2021-05-23 11:08:21'),
(74, '2021-05-23 11:21:58', NULL, -0.47551330, 117.18794340, 2314, NULL, '2021-05-23 11:21:58', '2021-05-23 11:22:48', '2021-05-23 11:22:48'),
(75, '2021-05-23 11:28:04', NULL, -0.47551330, 117.18794340, 2314, NULL, '2021-05-23 11:28:04', '2021-05-23 11:28:04', NULL),
(76, '2021-05-25 08:36:15', '2021-05-25 08:36:15', 1.00000000, 120.00000000, 1, NULL, '2021-05-25 08:36:15', '2021-05-25 08:36:15', NULL),
(77, '2021-05-31 06:28:38', '2021-05-31 06:28:38', 2.00000000, 1.00000000, 1, NULL, '2021-05-31 06:28:38', '2021-05-31 06:28:38', NULL),
(78, '2021-06-03 02:51:41', '2021-06-03 02:54:31', -0.53546180, 117.12335000, 2314, NULL, '2021-06-03 02:51:41', '2021-06-03 02:56:37', '2021-06-03 02:56:37'),
(79, '2021-06-03 02:51:42', '2021-06-03 02:51:46', -0.53546180, 117.12335000, 2314, NULL, '2021-06-03 02:51:42', '2021-06-03 02:52:30', '2021-06-03 02:52:30'),
(80, '2021-06-03 03:01:39', '2021-06-03 03:10:04', -0.53546180, 117.12335000, 2314, NULL, '2021-06-03 03:01:39', '2021-06-03 03:25:25', '2021-06-03 03:25:25'),
(81, '2021-06-03 04:32:08', '2021-06-03 06:19:14', -0.53546180, 117.12335000, 2314, NULL, '2021-06-03 04:32:08', '2021-06-03 06:19:14', NULL),
(82, '2021-06-08 02:12:29', NULL, -0.53642160, 117.12438350, 2314, NULL, '2021-06-08 02:12:29', '2021-06-08 02:32:38', '2021-06-08 02:32:38'),
(83, '2021-06-08 02:35:11', '2021-06-08 03:33:12', -0.53641690, 117.12438310, 2314, NULL, '2021-06-08 02:35:11', '2021-06-08 05:53:16', '2021-06-08 05:53:16'),
(84, '2021-06-08 05:56:05', '2021-06-08 06:01:54', -0.53640050, 117.12440340, 2314, NULL, '2021-06-08 05:56:05', '2021-06-08 06:01:54', NULL);

-- --------------------------------------------------------

--
-- Table structure for table `agamas`
--

CREATE TABLE `agamas` (
  `id` int(11) NOT NULL,
  `nama` varchar(255) DEFAULT NULL,
  `created_at` timestamp NULL DEFAULT NULL,
  `updated_at` timestamp NULL DEFAULT NULL,
  `deleted_at` timestamp NULL DEFAULT NULL
) ENGINE=InnoDB DEFAULT CHARSET=utf8 ROW_FORMAT=DYNAMIC;

--
-- Dumping data for table `agamas`
--

INSERT INTO `agamas` (`id`, `nama`, `created_at`, `updated_at`, `deleted_at`) VALUES
(1, 'Islam', '2020-02-02 01:11:23', '2020-02-02 01:11:23', NULL),
(2, 'Kristen', '2020-02-03 15:46:57', '2020-02-03 15:46:57', NULL),
(3, 'Katolik', '2020-02-03 15:47:06', '2020-02-03 15:47:06', NULL),
(4, 'Hindu', '2020-02-03 15:47:27', '2020-02-03 15:47:27', NULL),
(5, 'Budha', '2020-02-03 15:47:38', '2020-02-03 15:47:38', NULL);

-- --------------------------------------------------------

--
-- Table structure for table `banks`
--

CREATE TABLE `banks` (
  `id` int(11) NOT NULL,
  `nama` varchar(45) DEFAULT NULL,
  `created_at` timestamp NULL DEFAULT NULL,
  `updated_at` timestamp NULL DEFAULT NULL,
  `deleted_at` timestamp NULL DEFAULT NULL
) ENGINE=InnoDB DEFAULT CHARSET=utf8 ROW_FORMAT=DYNAMIC;

-- --------------------------------------------------------

--
-- Table structure for table `foto_recognition`
--

CREATE TABLE `foto_recognition` (
  `id` int(11) NOT NULL,
  `foto` varchar(255) DEFAULT NULL,
  `created_at` timestamp NULL DEFAULT NULL,
  `updated_at` timestamp NULL DEFAULT NULL,
  `deleted_at` timestamp NULL DEFAULT NULL,
  `users_id` int(11) NOT NULL
) ENGINE=InnoDB DEFAULT CHARSET=utf8 ROW_FORMAT=DYNAMIC;

--
-- Dumping data for table `foto_recognition`
--

INSERT INTO `foto_recognition` (`id`, `foto`, `created_at`, `updated_at`, `deleted_at`, `users_id`) VALUES
(1, 'storage/foto/09-10-20-1.jpg', '2020-10-09 02:00:27', '2020-10-09 02:00:27', NULL, 1);

-- --------------------------------------------------------

--
-- Table structure for table `gol_darahs`
--

CREATE TABLE `gol_darahs` (
  `id` int(11) NOT NULL,
  `nama` varchar(3) DEFAULT NULL,
  `created_at` timestamp NULL DEFAULT NULL,
  `updated_at` timestamp NULL DEFAULT NULL,
  `deleted_at` timestamp NULL DEFAULT NULL
) ENGINE=InnoDB DEFAULT CHARSET=utf8 ROW_FORMAT=DYNAMIC;

-- --------------------------------------------------------

--
-- Table structure for table `insentifs`
--

CREATE TABLE `insentifs` (
  `id` int(11) NOT NULL,
  `insentif_jab` int(11) DEFAULT NULL,
  `insentif_transportasi` int(11) DEFAULT NULL,
  `insentif_ps` int(11) DEFAULT NULL,
  `insentif_lembur` int(11) DEFAULT NULL,
  `insentif_prestasi` int(11) DEFAULT NULL,
  `total` int(11) DEFAULT NULL,
  `created_at` timestamp NULL DEFAULT NULL,
  `updated_at` timestamp NULL DEFAULT NULL,
  `deleted_at` timestamp NULL DEFAULT NULL
) ENGINE=InnoDB DEFAULT CHARSET=utf8 ROW_FORMAT=DYNAMIC;

-- --------------------------------------------------------

--
-- Table structure for table `jamkerja`
--

CREATE TABLE `jamkerja` (
  `id` int(10) UNSIGNED NOT NULL,
  `ket` varchar(45) DEFAULT NULL,
  `jam_awal` timestamp NULL DEFAULT NULL,
  `jam_akhir` timestamp NULL DEFAULT NULL,
  `created_at` timestamp NULL DEFAULT NULL,
  `updated_at` timestamp NULL DEFAULT NULL,
  `deleted_at` timestamp NULL DEFAULT NULL
) ENGINE=InnoDB DEFAULT CHARSET=utf8 ROW_FORMAT=DYNAMIC;

--
-- Dumping data for table `jamkerja`
--

INSERT INTO `jamkerja` (`id`, `ket`, `jam_awal`, `jam_akhir`, `created_at`, `updated_at`, `deleted_at`) VALUES
(1, 'pagi', '2021-06-08 05:53:00', '2021-06-08 05:59:00', '2020-10-07 16:00:00', '2021-06-08 05:54:03', NULL),
(2, 'sore', '2021-06-08 06:00:00', '2021-06-08 06:59:00', '2020-10-07 16:00:00', '2021-06-08 05:55:05', NULL);

-- --------------------------------------------------------

--
-- Table structure for table `karyawans`
--

CREATE TABLE `karyawans` (
  `id` int(11) NOT NULL,
  `nik` varchar(255) DEFAULT NULL,
  `foto` varchar(255) DEFAULT NULL,
  `nama_lengkap` varchar(100) DEFAULT NULL,
  `email` varchar(100) DEFAULT NULL,
  `no_telp` varchar(15) DEFAULT NULL,
  `jen_kel` varchar(255) DEFAULT NULL,
  `alamat` text DEFAULT NULL,
  `kota_lahir` varchar(45) DEFAULT NULL,
  `tgl_lahir` date DEFAULT NULL,
  `keterangan_aktif` varchar(45) DEFAULT NULL,
  `created_at` timestamp NULL DEFAULT NULL,
  `updated_at` timestamp NULL DEFAULT NULL,
  `deleted_at` timestamp NULL DEFAULT NULL,
  `name_posisions_id` int(11) DEFAULT NULL,
  `units_id` int(11) DEFAULT NULL,
  `sektors_id` int(11) DEFAULT NULL,
  `agamas_id` int(11) DEFAULT NULL,
  `statuses_id` int(11) DEFAULT NULL,
  `users_id` int(11) DEFAULT NULL
) ENGINE=InnoDB DEFAULT CHARSET=utf8 ROW_FORMAT=DYNAMIC;

--
-- Dumping data for table `karyawans`
--

INSERT INTO `karyawans` (`id`, `nik`, `foto`, `nama_lengkap`, `email`, `no_telp`, `jen_kel`, `alamat`, `kota_lahir`, `tgl_lahir`, `keterangan_aktif`, `created_at`, `updated_at`, `deleted_at`, `name_posisions_id`, `units_id`, `sektors_id`, `agamas_id`, `statuses_id`, `users_id`) VALUES
(1, '123456789', 'storage/foto_karyawan/07-05-21-123456.jpeg', 'Firmansyah', 'afada@gmail.com', '081243211234', 'Laki-laki', 'Samarinda Seberang', 'Samarinda', '2020-05-04', 'Aktif', NULL, '2021-05-19 04:09:02', NULL, 117, 1, 17, 1, 1, 1),
(2314, '2121945', 'storage/foto_karyawan/07-05-21-2121945.jfif', 'Admin', 'admin@gmail.com', '082130579071', 'Laki-laki', 'jln.bung tomo', 'Banggai', '1999-12-13', 'Aktif', '2020-10-09 01:54:34', '2021-06-08 02:09:32', NULL, 117, 1, 17, 1, 1, 796),
(2320, '196508251992031004', NULL, 'Ir. Endang Liansyah, MP', NULL, NULL, 'Laki-laki', NULL, NULL, '1965-08-25', 'Aktif', '2021-05-16 02:58:18', '2021-05-16 12:42:47', NULL, 44, NULL, 8, NULL, NULL, 1674),
(2321, '196707061989031016', NULL, 'Badri, SP, MP', 'badri@gmail.com', NULL, 'Laki-laki', NULL, NULL, NULL, 'Aktif', '2021-05-16 02:59:21', '2021-05-16 12:44:35', NULL, 82, NULL, 8, NULL, NULL, 1675),
(2322, '196212281988032006', NULL, 'Hartatik, SPKP', NULL, NULL, 'Perempuan', NULL, NULL, NULL, 'Aktif', '2021-05-16 03:02:55', '2021-05-16 12:45:10', NULL, 83, NULL, 8, NULL, NULL, 1676),
(2323, '196309041987091002', NULL, 'Suriansyah, S.Pt', NULL, NULL, 'Perempuan', NULL, NULL, NULL, 'Aktif', '2021-05-16 03:04:34', '2021-05-16 12:45:56', NULL, 82, NULL, 8, NULL, NULL, 1677),
(2324, '196208241992032005', NULL, 'Ir. Ekowati  Purwaningsih', NULL, NULL, 'Perempuan', NULL, NULL, NULL, 'Aktif', '2021-05-16 03:06:56', '2021-05-16 12:46:45', NULL, 82, NULL, 8, NULL, NULL, 1678),
(2325, '196604121989031018', NULL, 'Sodik, SP', NULL, NULL, 'Laki-laki', NULL, NULL, '1966-04-12', 'Aktif', '2021-05-16 03:07:25', '2021-05-16 12:47:57', NULL, 82, NULL, 8, NULL, NULL, 1679),
(2326, '196204141988041002', NULL, 'Abdullah Arjuni, SP', NULL, NULL, 'Laki-laki', NULL, NULL, '1962-04-14', 'Aktif', '2021-05-16 03:08:03', '2021-05-16 12:48:43', NULL, 87, NULL, 8, NULL, NULL, 1680),
(2327, '196303021998031002', NULL, 'Ir. Sumijan', NULL, NULL, 'Perempuan', NULL, NULL, '1963-03-02', 'Aktif', '2021-05-16 03:08:48', '2021-05-16 12:49:43', NULL, 83, NULL, 8, NULL, NULL, 1681),
(2328, '196606151989032020', NULL, 'Theresia Ganna Mangando,SPKP', NULL, NULL, 'Laki-laki', NULL, NULL, '1966-06-15', 'Aktif', '2021-05-16 03:09:38', '2021-05-16 12:50:31', NULL, 89, NULL, 8, NULL, NULL, 1682),
(2329, '196912121994032013', NULL, 'Jumiati, SP, MP', NULL, NULL, 'Laki-laki', NULL, NULL, '1969-12-12', 'Aktif', '2021-05-16 03:10:24', '2021-05-16 12:52:56', NULL, 87, NULL, 8, NULL, NULL, 1683),
(2330, '197203291998032007', NULL, 'Hj. Dwi Rahmi Adiaty, SP. M.Si', NULL, NULL, 'Laki-laki', NULL, NULL, '1972-03-29', 'Aktif', '2021-05-16 03:11:25', '2021-05-16 12:56:16', NULL, 91, NULL, 8, NULL, NULL, 1684),
(2331, '197512242001122001', NULL, 'Lia Desyrakhmawati, SP,M.Si', NULL, NULL, 'Laki-laki', NULL, NULL, '1975-12-24', 'Aktif', '2021-05-16 03:12:30', '2021-05-16 13:02:24', NULL, 92, NULL, 8, NULL, NULL, 1685),
(2332, '196604111994032006', NULL, 'Drh. Siti Khairul Saadah Hanif. MP', NULL, NULL, 'Laki-laki', NULL, NULL, '1966-04-11', 'Aktif', '2021-05-16 03:14:14', '2021-05-16 13:05:10', NULL, 94, NULL, 8, NULL, NULL, 1686),
(2333, '196306121996031001', NULL, 'Drh. H. Mochammad Arifin Musthofa.M.Si', NULL, NULL, 'Laki-laki', NULL, NULL, '1963-06-12', 'Aktif', '2021-05-16 03:16:29', '2021-05-16 13:06:16', NULL, 95, NULL, 8, NULL, NULL, 1687),
(2334, '196512101997032003', NULL, 'Drh. Jumiyanti', NULL, NULL, 'Laki-laki', NULL, NULL, '1965-12-10', 'Aktif', '2021-05-16 03:17:09', '2021-05-16 13:08:20', NULL, 96, NULL, 8, NULL, NULL, 1688),
(2335, '196603251998032003', NULL, 'Ir. Hj. Yuliana, MSi', NULL, NULL, 'Laki-laki', NULL, NULL, '1966-03-23', 'Aktif', '2021-05-16 03:17:50', '2021-05-25 11:31:15', NULL, 97, NULL, 8, NULL, NULL, 1689),
(2336, '197709072005021005', NULL, 'drh. Kusdiyanto', NULL, NULL, 'Laki-laki', NULL, NULL, '1977-09-07', 'Aktif', '2021-05-16 03:18:34', '2021-05-25 11:30:41', NULL, 44, NULL, 8, NULL, NULL, 1690),
(2337, '196208051987102001', NULL, 'Siti Uriana, SP', NULL, NULL, 'Laki-laki', NULL, NULL, '1962-08-05', 'Aktif', '2021-05-16 03:19:09', '2021-05-25 11:33:13', NULL, 87, NULL, 8, NULL, NULL, 1691),
(2338, '196404171988031018', NULL, 'Ir. H. Muhammad Syahril', NULL, NULL, 'Laki-laki', NULL, NULL, '1964-04-07', 'Aktif', '2021-05-16 03:19:38', '2021-05-25 11:33:59', NULL, 100, NULL, 8, NULL, NULL, 1692),
(2339, '197102181998031011', NULL, 'Kumbawan Wibisono, S.PT, MSi', NULL, NULL, 'Laki-laki', NULL, NULL, '1971-03-18', 'Aktif', '2021-05-16 03:20:01', '2021-05-25 12:02:30', NULL, 101, NULL, 8, NULL, NULL, 1693),
(2340, '196502111987091002', NULL, 'Suriansyah, SP', NULL, NULL, 'Perempuan', NULL, NULL, '1965-02-11', 'Aktif', '2021-05-16 03:22:11', '2021-05-25 12:07:12', NULL, 83, NULL, 8, NULL, NULL, 1694),
(2341, '196809271990031005', NULL, 'Heriyanto, S.Sos, M.Sia', NULL, NULL, 'Laki-laki', NULL, NULL, '1968-09-27', 'Aktif', '2021-05-16 03:22:34', '2021-05-25 12:11:56', NULL, 103, NULL, 8, NULL, NULL, 1695),
(2342, '197603082003122019', NULL, 'Drh. Kartika Hatmisari', NULL, NULL, 'Perempuan', NULL, NULL, '1976-03-08', 'Aktif', '2021-05-16 03:23:22', '2021-05-25 12:13:45', NULL, 105, NULL, 8, NULL, NULL, 1696),
(2343, '196906071998031004', NULL, 'Ardiansyah, SP, M.Si', NULL, NULL, 'Laki-laki', NULL, NULL, '1969-06-07', 'Aktif', '2021-05-16 03:24:04', '2021-05-25 12:31:52', NULL, 106, NULL, 8, NULL, NULL, 1697),
(2344, '196509282003122002', NULL, 'Ir. Hj. Maryanah, M.Si', NULL, NULL, 'Laki-laki', NULL, NULL, '1965-09-28', 'Aktif', '2021-05-16 03:24:58', '2021-05-25 12:34:24', NULL, 108, NULL, 8, NULL, NULL, 1698),
(2345, '197210102007011028', NULL, 'Agustiar Teguh Prayudha, SP', NULL, NULL, 'Laki-laki', NULL, NULL, '1972-10-10', 'Aktif', '2021-05-16 03:25:33', '2021-05-25 12:37:45', NULL, 109, NULL, 8, NULL, NULL, 1699),
(2346, '196611261994032006', NULL, 'Ir. Nuryanti, BS', NULL, NULL, 'Perempuan', NULL, NULL, '1966-11-26', 'Aktif', '2021-05-16 03:25:55', '2021-05-25 12:40:25', NULL, 110, NULL, 8, NULL, NULL, 1700),
(2347, '196403151987021004', NULL, 'Darwis, SP', NULL, NULL, 'Laki-laki', NULL, NULL, '1964-03-15', 'Aktif', '2021-05-16 03:27:20', '2021-05-25 12:41:06', NULL, 111, NULL, 8, NULL, NULL, 1701),
(2348, '197106271998031005', NULL, 'Nur Alam Syarif. S.PT', NULL, NULL, 'Laki-laki', NULL, NULL, '1971-06-27', 'Aktif', '2021-05-16 03:27:42', '2021-05-26 03:01:14', NULL, 112, NULL, 8, NULL, NULL, 1702),
(2349, '197009061998032005', NULL, 'Aji Syarifah Zulaiha, SP', NULL, NULL, 'Laki-laki', NULL, NULL, '1970-09-06', 'Aktif', '2021-05-16 03:28:17', '2021-05-26 03:04:50', NULL, 113, NULL, 8, NULL, NULL, 1703),
(2350, '197001121998032005', NULL, 'Friska Tulak Lewa, STP', NULL, NULL, 'Perempuan', NULL, NULL, '1970-01-12', 'Aktif', '2021-05-16 03:28:42', '2021-05-26 03:07:16', NULL, 114, NULL, 8, NULL, NULL, 1704),
(2351, '196709011999031006', NULL, 'Joko Teguh Prihandono, SE', NULL, NULL, 'Laki-laki', NULL, NULL, '1999-02-01', 'Aktif', '2021-05-16 03:29:14', '2021-05-26 03:09:47', NULL, 115, NULL, 8, NULL, NULL, 1705),
(2352, '196510011987091001', NULL, 'Zain Azhari, SP', NULL, NULL, 'Laki-laki', NULL, NULL, '1965-10-01', 'Aktif', '2021-05-16 03:29:35', '2021-05-26 03:10:44', NULL, 116, NULL, 8, NULL, NULL, 1706),
(2353, '196912051989021001', NULL, 'Abdul Hasyim Putra, SP', NULL, NULL, 'Laki-laki', NULL, NULL, '1969-12-05', 'Aktif', '2021-05-16 03:29:55', '2021-05-26 03:19:57', NULL, 118, NULL, 8, NULL, NULL, 1707),
(2354, '197503122000032002', NULL, 'Rina Rosita, SP', NULL, NULL, 'Perempuan', NULL, NULL, '1975-03-12', 'Aktif', '2021-05-16 03:30:21', '2021-05-26 03:24:54', NULL, 119, NULL, 8, NULL, NULL, 1708),
(2355, '197907272005021007', NULL, 'Ivan Leo Rizky, SP', NULL, NULL, 'Laki-laki', NULL, NULL, '1979-07-27', 'Aktif', '2021-05-16 03:49:45', '2021-05-26 03:44:07', NULL, 172, NULL, 8, NULL, NULL, 1709),
(2356, '196408091987091001', NULL, 'Iwan Prianto, A.Md', NULL, NULL, 'Laki-laki', NULL, NULL, '1964-08-09', 'Aktif', '2021-05-16 03:50:24', '2021-05-26 03:45:01', NULL, 121, NULL, 8, NULL, NULL, 1710),
(2357, '197910152003122007', NULL, 'Andi Syachriyaty Firdaus, SP', NULL, NULL, 'Laki-laki', NULL, NULL, NULL, 'Aktif', '2021-05-16 03:52:23', '2021-05-26 03:46:14', NULL, 122, NULL, 8, NULL, NULL, 1711),
(2358, '197004091994022003', NULL, 'Darmiwanti, SE', NULL, NULL, 'Laki-laki', NULL, NULL, '1970-04-09', 'Aktif', '2021-05-16 03:53:03', '2021-05-26 03:47:29', NULL, 123, NULL, 8, NULL, NULL, 1712),
(2359, '196303271987091002', NULL, 'Sahar, SPKP', NULL, NULL, 'Laki-laki', NULL, NULL, '1963-03-27', 'Aktif', '2021-05-16 03:53:32', '2021-05-26 03:48:08', NULL, 83, NULL, 8, NULL, NULL, 1713),
(2360, '197002101994031007', NULL, 'Zaenal Abidin, A.Md', NULL, NULL, 'Laki-laki', NULL, NULL, '1970-02-10', 'Aktif', '2021-05-16 03:54:15', '2021-05-26 03:48:47', NULL, 83, NULL, 8, NULL, NULL, 1714),
(2361, '196809131998031008', NULL, 'Didi Subroto, SP', NULL, NULL, 'Laki-laki', NULL, NULL, '1968-09-13', 'Aktif', '2021-05-16 03:54:35', '2021-05-26 03:50:41', NULL, 126, NULL, 8, NULL, NULL, 1715),
(2362, '197309172006042004', NULL, 'Adriana Napitupulu, SP, M.Si', NULL, NULL, 'Laki-laki', NULL, NULL, '1973-09-17', 'Aktif', '2021-05-16 03:54:58', '2021-05-26 03:51:37', NULL, 150, NULL, 8, NULL, NULL, 1716),
(2363, '196909051994031007', NULL, 'Agung Prabowo, AM.d', NULL, NULL, 'Laki-laki', NULL, NULL, '1969-09-05', 'Aktif', '2021-05-16 03:55:20', '2021-05-26 04:10:01', NULL, 83, NULL, 8, NULL, NULL, 1717),
(2364, '197602182000032004', NULL, 'Suciasih Meryati, SP', NULL, NULL, 'Perempuan', NULL, NULL, '1976-02-18', 'Aktif', '2021-05-16 03:55:57', '2021-05-26 04:12:40', NULL, 129, NULL, 8, NULL, NULL, 1718),
(2365, '197303222001121005', NULL, 'Aries Norwandy, SP, M.Si', NULL, NULL, 'Laki-laki', NULL, NULL, '1973-03-22', 'Aktif', '2021-05-16 04:07:08', '2021-05-26 04:13:58', NULL, 130, NULL, 8, NULL, NULL, 1719),
(2366, '197711062007011009', NULL, 'Mugiyono, SP', NULL, NULL, 'Laki-laki', NULL, NULL, '1977-11-05', 'Aktif', '2021-05-16 04:08:17', '2021-05-26 04:15:05', NULL, 131, NULL, 8, NULL, NULL, 1720),
(2367, '197411032007011009', NULL, 'Noke Pattipawaej, SP, MSI', NULL, NULL, 'Laki-laki', NULL, NULL, '1974-11-03', 'Aktif', '2021-05-16 04:09:36', '2021-05-26 04:18:57', NULL, 132, NULL, 8, NULL, NULL, 1721),
(2368, '197507242007012012', NULL, 'Indriyani, SP', NULL, NULL, 'Perempuan', NULL, NULL, '1975-07-24', 'Aktif', '2021-05-16 04:10:12', '2021-05-26 04:40:15', NULL, 133, NULL, 8, NULL, NULL, 1722),
(2369, '197704042007011017', NULL, 'Hary Winarto, SP', NULL, NULL, 'Laki-laki', NULL, NULL, '1977-04-04', 'Aktif', '2021-05-16 04:11:44', '2021-05-26 04:41:40', NULL, 134, NULL, 8, NULL, NULL, 1723),
(2370, '197908252008012029', NULL, 'Fitriana Agustina, SP', NULL, NULL, 'Laki-laki', NULL, NULL, '1979-08-25', 'Aktif', '2021-05-16 04:13:43', '2021-05-26 04:43:04', NULL, 135, NULL, 8, NULL, NULL, 1724),
(2371, '197812072008011006', NULL, 'Misran, SP', NULL, NULL, 'Laki-laki', NULL, NULL, '1978-12-07', 'Aktif', '2021-05-16 04:14:44', '2021-05-26 04:44:06', NULL, 136, NULL, 8, NULL, NULL, 1725),
(2372, '197711072008012018', NULL, 'Naomi Randa, SP', NULL, NULL, 'Laki-laki', NULL, NULL, '1977-11-07', 'Aktif', '2021-05-16 04:15:14', '2021-05-26 04:47:18', NULL, 137, NULL, 8, NULL, NULL, 1726),
(2373, '197707202008012012', NULL, 'Ermi Ruswanti, SP', NULL, NULL, 'Perempuan', NULL, NULL, '1977-07-20', 'Aktif', '2021-05-16 04:15:46', '2021-05-26 04:48:07', NULL, 138, NULL, 8, NULL, NULL, 1727),
(2374, '197507222008012013', NULL, 'Indar Deni, SP', NULL, NULL, 'Laki-laki', NULL, NULL, '1975-07-22', 'Aktif', '2021-05-16 04:16:13', '2021-05-26 04:51:34', NULL, 139, NULL, 8, NULL, NULL, 1728),
(2375, '196511031988031011', NULL, 'Sukadi', NULL, NULL, 'Laki-laki', NULL, NULL, '1965-11-03', 'Aktif', '2021-05-16 04:16:37', '2021-05-26 04:52:17', NULL, 83, NULL, 8, NULL, NULL, 1729),
(2376, '196405011987102001', NULL, 'Peni Supartini, A. Md', NULL, NULL, 'Perempuan', NULL, NULL, '1964-05-15', 'Aktif', '2021-05-16 04:33:39', '2021-05-26 04:52:55', NULL, 87, NULL, 8, NULL, NULL, 1730),
(2377, '196405201987111001', NULL, 'Safarudin, A.Md', NULL, NULL, 'Laki-laki', NULL, NULL, '1964-05-02', 'Aktif', '2021-05-16 04:37:22', '2021-05-26 04:54:19', NULL, 82, NULL, 8, NULL, NULL, 1731),
(2378, '197402262009012008', NULL, 'Erni, SP', NULL, NULL, 'Perempuan', NULL, NULL, '1974-02-26', 'Aktif', '2021-05-16 04:37:50', '2021-05-26 08:08:47', NULL, 139, NULL, 8, NULL, NULL, 1732),
(2379, '197612172009011100', NULL, 'Muhammad Yudhayono, SP', NULL, NULL, 'Laki-laki', NULL, NULL, '1976-12-17', 'Aktif', '2021-05-16 04:38:36', '2021-05-26 08:20:50', NULL, 141, NULL, 8, NULL, NULL, 1733),
(2380, '197512012009012001', NULL, 'Sri Wahyuni. A, SP', NULL, NULL, 'Perempuan', NULL, NULL, '1975-12-01', 'Aktif', '2021-05-16 04:39:22', '2021-05-26 08:23:57', NULL, 142, NULL, 8, NULL, NULL, 1734),
(2381, '198001142009012005', NULL, 'Rusvita, SP', NULL, NULL, 'Perempuan', NULL, NULL, '1980-01-14', 'Aktif', '2021-05-16 04:39:49', '2021-05-26 08:30:04', NULL, 143, NULL, 8, NULL, NULL, 1735),
(2382, '197609212009012003', NULL, 'Henny Hendrawati, SP', NULL, NULL, 'Perempuan', NULL, NULL, '1976-09-21', 'Aktif', '2021-05-16 04:40:15', '2021-05-26 08:37:53', NULL, 144, NULL, 8, NULL, NULL, 1736),
(2383, '197604062009011008', NULL, 'Mukmin, SP', NULL, NULL, 'Laki-laki', NULL, NULL, '1976-04-06', 'Aktif', '2021-05-16 04:40:43', '2021-05-26 08:39:27', NULL, 145, NULL, 8, NULL, NULL, 1737),
(2384, '197506152009031003', NULL, 'Ignatius Dirson Pasang, SP', NULL, NULL, 'Laki-laki', NULL, NULL, '1975-07-22', 'Aktif', '2021-05-16 04:41:21', '2021-05-26 08:40:32', NULL, 146, NULL, 8, NULL, NULL, 1738),
(2385, '196612292009011004', NULL, 'Ir. Taufiq Rachmani', NULL, NULL, 'Laki-laki', NULL, NULL, '1966-12-29', 'Aktif', '2021-05-16 04:42:10', '2021-05-26 08:41:07', NULL, 83, NULL, 8, NULL, NULL, 1739),
(2386, '197010242010012001', NULL, 'Magdalena, SP', NULL, NULL, 'Perempuan', NULL, NULL, '1970-10-24', 'Aktif', '2021-05-16 04:43:29', '2021-05-26 08:42:59', NULL, 148, NULL, 8, NULL, NULL, 1740),
(2387, '198203232010012015', NULL, 'Hj. Indah Handayani, SP', NULL, NULL, 'Perempuan', NULL, NULL, '1982-03-23', 'Aktif', '2021-05-16 04:44:05', '2021-05-26 08:43:45', NULL, 149, NULL, 8, NULL, NULL, 1741),
(2388, '197708032010012001', NULL, 'Kurniah, SP', NULL, NULL, 'Laki-laki', NULL, NULL, '1977-08-03', 'Aktif', '2021-05-16 04:44:30', '2021-05-26 08:44:29', NULL, 150, NULL, 8, NULL, NULL, 1742),
(2389, '196912232001122002', NULL, 'Ridayana, SP', NULL, NULL, 'Laki-laki', NULL, NULL, '1969-12-23', 'Aktif', '2021-05-16 04:45:28', '2021-05-26 08:45:05', NULL, 151, NULL, 8, NULL, NULL, 1743),
(2390, '196806302005012001', NULL, 'Ratna Diana, SST', NULL, NULL, 'Laki-laki', NULL, NULL, '1968-06-30', 'Aktif', '2021-05-16 04:47:01', '2021-05-26 08:45:36', NULL, 83, NULL, 8, NULL, NULL, 1744),
(2391, '198403162005021002', NULL, 'Wahyu Ariefianto, SP', NULL, NULL, 'Laki-laki', NULL, NULL, '1984-03-16', 'Aktif', '2021-05-16 04:47:33', '2021-05-26 08:46:58', NULL, 144, NULL, 8, NULL, NULL, 1745),
(2392, '197009072000032004', NULL, 'Euis Nurfaridah, SP', NULL, NULL, 'Laki-laki', NULL, NULL, '1970-09-07', 'Aktif', '2021-05-16 04:48:09', '2021-05-26 08:47:40', NULL, 153, NULL, 8, NULL, NULL, 1746),
(2393, '197102172008012018', NULL, 'Ida Laila, SE', NULL, NULL, 'Laki-laki', NULL, NULL, '1971-02-17', 'Aktif', '2021-05-16 04:50:35', '2021-05-26 08:48:13', NULL, 154, NULL, 8, NULL, NULL, 1747),
(2394, '197508291998032004', NULL, 'Ernawati, SP', NULL, NULL, 'Perempuan', NULL, NULL, '1975-08-29', 'Aktif', '2021-05-16 04:51:08', '2021-05-26 13:14:18', NULL, 149, NULL, 8, NULL, NULL, 1748),
(2395, '196305021986031022', NULL, 'Taufik, SP', NULL, NULL, 'Laki-laki', NULL, NULL, '1963-05-02', 'Aktif', '2021-05-16 04:52:59', '2021-05-26 13:15:16', NULL, 89, NULL, 8, NULL, NULL, 1749),
(2396, '196505101989022003', NULL, 'Mardiana', NULL, NULL, 'Laki-laki', NULL, NULL, '1965-05-10', 'Aktif', '2021-05-16 04:53:22', '2021-05-26 13:16:34', NULL, 157, NULL, 8, NULL, NULL, 1750),
(2397, '196611201991032006', NULL, 'Catur Reswati', NULL, NULL, 'Laki-laki', NULL, NULL, '1966-11-20', 'Aktif', '2021-05-16 04:54:09', '2021-05-26 13:17:40', NULL, 157, NULL, 8, NULL, NULL, 1751),
(2398, '196604301989092001', NULL, 'Hj. Masrupah', NULL, NULL, 'Laki-laki', NULL, NULL, '1966-04-30', 'Aktif', '2021-05-16 04:54:37', '2021-05-26 13:18:38', NULL, 159, NULL, 8, NULL, NULL, 1752),
(2399, '197711232009012002', NULL, 'Hj. Ida Zulfiani Nata, S.Pt, MSi', NULL, NULL, 'Laki-laki', NULL, NULL, '1977-11-23', 'Aktif', '2021-05-16 04:55:05', '2021-05-26 13:24:45', NULL, 160, NULL, 8, NULL, NULL, 1753),
(2400, '196904162009011002', NULL, 'Supratman Manalu, SH', NULL, NULL, 'Laki-laki', NULL, NULL, NULL, 'Aktif', '2021-05-16 04:55:37', '2021-05-26 13:30:15', NULL, 161, NULL, 8, NULL, NULL, 1754),
(2401, '197803152008012027', NULL, 'Hj. Silvia Sari, SP', NULL, NULL, 'Laki-laki', NULL, NULL, '1978-03-15', 'Aktif', '2021-05-16 04:56:41', '2021-05-26 13:41:01', NULL, 162, NULL, 8, NULL, NULL, 1755),
(2402, '198002042010011001', NULL, 'Muhamad Sadri Nur, SP', NULL, NULL, 'Laki-laki', NULL, NULL, '1980-02-04', 'Aktif', '2021-05-16 04:57:14', '2021-05-26 13:41:50', NULL, 163, NULL, 8, NULL, NULL, 1756),
(2403, '198604042015032003', NULL, 'Jamiatul Isra\'iyah, SP', NULL, NULL, 'Laki-laki', NULL, NULL, '1986-04-04', 'Aktif', '2021-05-16 04:57:53', '2021-05-26 13:43:04', NULL, 82, NULL, 8, NULL, NULL, 1757),
(2404, '197301172007012007', NULL, 'Susy Setiana, SE', NULL, NULL, 'Perempuan', NULL, NULL, '1973-01-17', 'Aktif', '2021-05-16 04:58:26', '2021-05-26 13:44:02', NULL, 157, NULL, 8, NULL, NULL, 1758),
(2405, '198309052015031001', NULL, 'Martono Gua, SP', NULL, NULL, 'Laki-laki', NULL, NULL, '1983-09-05', 'Aktif', '2021-05-16 04:58:57', '2021-05-26 13:45:37', NULL, 121, NULL, 8, NULL, NULL, 1759),
(2406, '197410272012122001', NULL, 'Chitra Norawanty.SP', NULL, NULL, 'Laki-laki', NULL, NULL, '1974-01-27', 'Aktif', '2021-05-16 04:59:22', '2021-05-26 13:47:16', NULL, 136, NULL, 8, NULL, NULL, 1760),
(2407, '198212062015032001', NULL, 'Ely Susana, SP', NULL, NULL, 'Perempuan', NULL, NULL, NULL, 'Aktif', '2021-05-16 04:59:51', '2021-05-26 13:48:36', NULL, 87, NULL, 8, NULL, NULL, 1761),
(2408, '197710052007012027', NULL, 'Sumiati, SP', NULL, NULL, 'Perempuan', NULL, NULL, '1977-10-05', 'Aktif', '2021-05-16 05:00:13', '2021-05-27 06:56:10', NULL, 169, NULL, 8, NULL, NULL, 1762),
(2409, '198205302017061001', NULL, 'Muhammad Rizdhyan, SP', NULL, NULL, 'Laki-laki', NULL, NULL, '1982-05-30', 'Aktif', '2021-05-16 05:00:50', '2021-05-27 07:01:20', NULL, 82, NULL, 8, NULL, NULL, 1763),
(2410, '198302172017062001', NULL, 'Dwi Rahayu Mulyaningsih, SP', NULL, NULL, 'Perempuan', NULL, NULL, '1983-02-17', 'Aktif', '2021-05-16 08:02:34', '2021-05-27 07:06:38', NULL, 82, NULL, 8, NULL, NULL, 1764),
(2411, '198210162017062002', NULL, 'Sri Wahyuni. A, SP', NULL, NULL, 'Laki-laki', NULL, NULL, '1982-10-16', 'Aktif', '2021-05-16 08:03:11', '2021-05-27 07:06:07', NULL, 82, NULL, 8, NULL, NULL, 1765),
(2412, '196804292005011002', NULL, 'Asta Jenar', NULL, NULL, 'Laki-laki', NULL, NULL, '1968-04-29', 'Aktif', '2021-05-16 08:03:32', '2021-05-27 07:08:34', NULL, 83, NULL, 8, NULL, NULL, 1766),
(2413, '196404262002121001', NULL, 'Mugiyono, SP', NULL, NULL, 'Laki-laki', NULL, NULL, '1964-04-26', 'Aktif', '2021-05-16 08:04:32', '2021-05-27 07:11:07', NULL, 148, NULL, 8, NULL, NULL, 1767),
(2414, '198311292011011001', NULL, 'Aan Andriyanto,A.Md', NULL, NULL, 'Laki-laki', NULL, NULL, '1983-11-29', 'Aktif', '2021-05-16 08:05:03', '2021-05-27 07:12:57', NULL, 171, NULL, 8, NULL, NULL, 1768),
(2415, '197812142007011014', NULL, 'Dhedy Irawan', NULL, NULL, 'Laki-laki', NULL, NULL, '1978-12-14', 'Aktif', '2021-05-16 08:05:32', '2021-05-27 07:14:26', NULL, 120, NULL, 8, NULL, NULL, 1769),
(2416, '198109082007011007', NULL, 'Surono Manungkah', NULL, NULL, 'Laki-laki', NULL, NULL, '1981-09-08', 'Aktif', '2021-05-16 08:06:13', '2021-05-27 07:16:48', NULL, 135, NULL, 8, NULL, NULL, 1770),
(2417, '198303122007011004', NULL, 'Bahtiar Rifai Efendy', NULL, NULL, 'Laki-laki', NULL, NULL, '1983-03-12', 'Aktif', '2021-05-16 08:06:41', '2021-05-27 07:19:27', NULL, 141, NULL, 8, NULL, NULL, 1771),
(2418, '197409062007011008', NULL, 'Dwi Wahyudi', NULL, NULL, 'Laki-laki', NULL, NULL, '1974-09-06', 'Aktif', '2021-05-16 12:21:17', '2021-05-27 07:21:24', NULL, 175, NULL, 8, NULL, NULL, 1772),
(2419, '197705142007011020', NULL, 'Achmad Riansyah', NULL, NULL, 'Laki-laki', NULL, NULL, '1977-05-14', 'Aktif', '2021-05-16 12:21:57', '2021-05-27 07:23:25', NULL, 176, NULL, 8, NULL, NULL, 1773),
(2420, '197008042007011014', NULL, 'Muhammad Sidik', NULL, NULL, 'Laki-laki', NULL, NULL, '1970-08-04', 'Aktif', '2021-05-16 12:22:22', '2021-05-27 07:25:00', NULL, 177, NULL, 8, NULL, NULL, 1774),
(2421, '198112012008011013', NULL, 'Riyadi', NULL, NULL, 'Laki-laki', NULL, NULL, '1981-12-01', 'Aktif', '2021-05-16 12:22:55', '2021-05-27 07:27:00', NULL, 135, NULL, 8, NULL, NULL, 1775),
(2422, '197507272008011020', NULL, 'Asep Nugraha', NULL, NULL, 'Laki-laki', NULL, NULL, '1975-07-27', 'Aktif', '2021-05-16 12:23:40', '2021-05-27 07:29:00', NULL, 159, NULL, 8, NULL, NULL, 1776),
(2423, '197808222010011003', NULL, 'Achmad Solihin', NULL, NULL, 'Laki-laki', NULL, NULL, '1980-08-22', 'Aktif', '2021-05-16 12:24:04', '2021-05-27 07:30:59', NULL, 146, NULL, 8, NULL, NULL, 1777),
(2424, '197109012009011003', NULL, 'Soimin', NULL, NULL, 'Laki-laki', NULL, NULL, '1971-09-01', 'Aktif', '2021-05-16 12:24:43', '2021-05-27 07:32:59', NULL, 184, NULL, 8, NULL, NULL, 1778),
(2425, '198208232010011001', NULL, 'Agus Widodo', NULL, NULL, 'Laki-laki', NULL, NULL, '1982-08-23', 'Aktif', '2021-05-16 12:25:38', '2021-05-27 12:42:54', NULL, 146, NULL, 8, NULL, NULL, 1779),
(2426, '197508152009011005', NULL, 'Mustafa AT', NULL, NULL, 'Laki-laki', NULL, NULL, '1975-08-01', 'Aktif', '2021-05-16 12:27:18', '2021-05-27 12:44:07', NULL, 183, NULL, 8, NULL, NULL, 1780),
(2427, '197305052007011024', NULL, 'Kusnanto', NULL, NULL, 'Laki-laki', NULL, NULL, '1973-05-05', 'Aktif', '2021-05-16 12:27:49', '2021-05-27 12:44:41', NULL, 146, NULL, 8, NULL, NULL, 1781),
(2428, '198608262015031003', NULL, 'Gusti Mohammad Hadri Fazrin', NULL, NULL, 'Laki-laki', NULL, NULL, '1986-08-26', 'Aktif', '2021-05-16 12:28:15', '2021-05-27 12:46:50', NULL, 82, NULL, 8, NULL, NULL, 1782),
(2429, '196809012010011001', NULL, 'Tukimin', NULL, NULL, 'Laki-laki', NULL, NULL, '1968-09-01', 'Aktif', '2021-05-16 12:28:41', '2021-05-27 12:47:42', NULL, 135, NULL, 8, NULL, NULL, 1783),
(2430, '198205022017062002', NULL, 'Yusnita Taurisia', NULL, NULL, 'Perempuan', NULL, NULL, '1982-05-02', 'Aktif', '2021-05-16 12:29:13', '2021-05-27 12:48:59', NULL, 82, NULL, 8, NULL, NULL, 1784),
(2431, '198302172017061004', NULL, 'Kaleb', NULL, NULL, 'Laki-laki', NULL, NULL, '1983-02-17', 'Aktif', '2021-05-16 12:29:36', '2021-05-27 12:49:37', NULL, 82, NULL, 8, NULL, NULL, 1785),
(2432, '198506172017061001', NULL, 'Syahrani', NULL, NULL, 'Laki-laki', NULL, NULL, '1985-05-17', 'Aktif', '2021-05-16 12:30:01', '2021-05-27 12:50:10', NULL, 82, NULL, 8, NULL, NULL, 1786),
(2433, '198610152017062001', NULL, 'Lediana Helmi', NULL, NULL, 'Laki-laki', NULL, NULL, '1986-10-15', 'Aktif', '2021-05-16 12:30:38', '2021-05-27 12:51:10', NULL, 82, NULL, 8, NULL, NULL, 1787),
(2434, '198801142017062001', NULL, 'Ria Kartika', NULL, NULL, 'Perempuan', NULL, NULL, '1988-01-14', 'Aktif', '2021-05-16 12:30:59', '2021-05-27 12:51:48', NULL, 82, NULL, 8, NULL, NULL, 1788),
(2435, '197112032007011012', NULL, 'Ramli', NULL, NULL, 'Laki-laki', NULL, NULL, '1971-12-03', 'Aktif', '2021-05-16 12:31:26', '2021-05-27 12:52:40', NULL, 179, NULL, 8, NULL, NULL, 1789),
(2436, '196612122010011003', NULL, 'Imam Suprayitno', NULL, NULL, 'Laki-laki', NULL, NULL, '1966-12-12', 'Aktif', '2021-05-16 12:32:14', '2021-05-27 12:56:06', NULL, 146, NULL, 8, NULL, NULL, 1790),
(2437, '19670706 198903 1 016', NULL, NULL, NULL, NULL, NULL, NULL, NULL, NULL, NULL, NULL, NULL, NULL, NULL, NULL, NULL, NULL, NULL, NULL),
(2438, '19621228 198803 2 006', NULL, NULL, NULL, NULL, NULL, NULL, NULL, NULL, NULL, NULL, NULL, NULL, NULL, NULL, NULL, NULL, NULL, NULL),
(2439, '19630904 198709 1 002', NULL, NULL, NULL, NULL, NULL, NULL, NULL, NULL, NULL, NULL, NULL, NULL, NULL, NULL, NULL, NULL, NULL, NULL),
(2440, '19620824 199203 2 005', NULL, NULL, NULL, NULL, NULL, NULL, NULL, NULL, NULL, NULL, NULL, NULL, NULL, NULL, NULL, NULL, NULL, NULL),
(2441, '19660412 198903 1 018', NULL, NULL, NULL, NULL, NULL, NULL, NULL, NULL, NULL, NULL, NULL, NULL, NULL, NULL, NULL, NULL, NULL, NULL),
(2442, '19620414 198804 1 002', NULL, NULL, NULL, NULL, NULL, NULL, NULL, NULL, NULL, NULL, NULL, NULL, NULL, NULL, NULL, NULL, NULL, NULL),
(2443, '19630302 199803 1 002', NULL, NULL, NULL, NULL, NULL, NULL, NULL, NULL, NULL, NULL, NULL, NULL, NULL, NULL, NULL, NULL, NULL, NULL),
(2444, '19660615 198903 2 020', NULL, NULL, NULL, NULL, NULL, NULL, NULL, NULL, NULL, NULL, NULL, NULL, NULL, NULL, NULL, NULL, NULL, NULL),
(2445, '19691212 199403 2 013', NULL, NULL, NULL, NULL, NULL, NULL, NULL, NULL, NULL, NULL, NULL, NULL, NULL, NULL, NULL, NULL, NULL, NULL),
(2446, '19720329 199803 2 007', NULL, NULL, NULL, NULL, NULL, NULL, NULL, NULL, NULL, NULL, NULL, NULL, NULL, NULL, NULL, NULL, NULL, NULL),
(2447, '19751224 200112 2 001', NULL, NULL, NULL, NULL, NULL, NULL, NULL, NULL, NULL, NULL, NULL, NULL, NULL, NULL, NULL, NULL, NULL, NULL),
(2448, '19660411 199403 2 006', NULL, NULL, NULL, NULL, NULL, NULL, NULL, NULL, NULL, NULL, NULL, NULL, NULL, NULL, NULL, NULL, NULL, NULL),
(2449, '19630612 199603 1 001', NULL, NULL, NULL, NULL, NULL, NULL, NULL, NULL, NULL, NULL, NULL, NULL, NULL, NULL, NULL, NULL, NULL, NULL),
(2450, '196512101997032000', NULL, NULL, NULL, NULL, NULL, NULL, NULL, NULL, NULL, NULL, NULL, NULL, NULL, NULL, NULL, NULL, NULL, NULL),
(2451, '19660325 199803 2 003', NULL, NULL, NULL, NULL, NULL, NULL, NULL, NULL, NULL, NULL, NULL, NULL, NULL, NULL, NULL, NULL, NULL, NULL),
(2452, '19770907 200502 1 005', NULL, NULL, NULL, NULL, NULL, NULL, NULL, NULL, NULL, NULL, NULL, NULL, NULL, NULL, NULL, NULL, NULL, NULL),
(2453, '19620805 198710 2 001', NULL, NULL, NULL, NULL, NULL, NULL, NULL, NULL, NULL, NULL, NULL, NULL, NULL, NULL, NULL, NULL, NULL, NULL),
(2454, '19640417 198803 1 018', NULL, NULL, NULL, NULL, NULL, NULL, NULL, NULL, NULL, NULL, NULL, NULL, NULL, NULL, NULL, NULL, NULL, NULL),
(2455, '19710218 199803 1 011', NULL, NULL, NULL, NULL, NULL, NULL, NULL, NULL, NULL, NULL, NULL, NULL, NULL, NULL, NULL, NULL, NULL, NULL),
(2456, '19650211 198709 1 002', NULL, NULL, NULL, NULL, NULL, NULL, NULL, NULL, NULL, NULL, NULL, NULL, NULL, NULL, NULL, NULL, NULL, NULL),
(2457, '196809271990031000', NULL, NULL, NULL, NULL, NULL, NULL, NULL, NULL, NULL, NULL, NULL, NULL, NULL, NULL, NULL, NULL, NULL, NULL),
(2458, '197603082003122000', NULL, NULL, NULL, NULL, NULL, NULL, NULL, NULL, NULL, NULL, NULL, NULL, NULL, NULL, NULL, NULL, NULL, NULL),
(2459, '19690607 199803 1 004', NULL, NULL, NULL, NULL, NULL, NULL, NULL, NULL, NULL, NULL, NULL, NULL, NULL, NULL, NULL, NULL, NULL, NULL),
(2460, '196509282003122000', NULL, NULL, NULL, NULL, NULL, NULL, NULL, NULL, NULL, NULL, NULL, NULL, NULL, NULL, NULL, NULL, NULL, NULL),
(2461, '197210102007011000', NULL, NULL, NULL, NULL, NULL, NULL, NULL, NULL, NULL, NULL, NULL, NULL, NULL, NULL, NULL, NULL, NULL, NULL),
(2462, '19661126 199403 2 006', NULL, NULL, NULL, NULL, NULL, NULL, NULL, NULL, NULL, NULL, NULL, NULL, NULL, NULL, NULL, NULL, NULL, NULL),
(2463, '19640315 198702 1 004', NULL, NULL, NULL, NULL, NULL, NULL, NULL, NULL, NULL, NULL, NULL, NULL, NULL, NULL, NULL, NULL, NULL, NULL),
(2464, '19710627 199803 1 005', NULL, NULL, NULL, NULL, NULL, NULL, NULL, NULL, NULL, NULL, NULL, NULL, NULL, NULL, NULL, NULL, NULL, NULL),
(2465, '19700906 199803 2 005', NULL, NULL, NULL, NULL, NULL, NULL, NULL, NULL, NULL, NULL, NULL, NULL, NULL, NULL, NULL, NULL, NULL, NULL),
(2466, '19700112 199803 2 005', NULL, NULL, NULL, NULL, NULL, NULL, NULL, NULL, NULL, NULL, NULL, NULL, NULL, NULL, NULL, NULL, NULL, NULL),
(2467, '19670901 199903 1 006', NULL, NULL, NULL, NULL, NULL, NULL, NULL, NULL, NULL, NULL, NULL, NULL, NULL, NULL, NULL, NULL, NULL, NULL),
(2468, '19651001 198709 1 001', NULL, NULL, NULL, NULL, NULL, NULL, NULL, NULL, NULL, NULL, NULL, NULL, NULL, NULL, NULL, NULL, NULL, NULL),
(2469, '19691205 198902 1 001', NULL, NULL, NULL, NULL, NULL, NULL, NULL, NULL, NULL, NULL, NULL, NULL, NULL, NULL, NULL, NULL, NULL, NULL),
(2470, '19750312 200003 2 002', NULL, NULL, NULL, NULL, NULL, NULL, NULL, NULL, NULL, NULL, NULL, NULL, NULL, NULL, NULL, NULL, NULL, NULL),
(2471, '19790727 200502 1 007', NULL, NULL, NULL, NULL, NULL, NULL, NULL, NULL, NULL, NULL, NULL, NULL, NULL, NULL, NULL, NULL, NULL, NULL),
(2472, '19640809 198709 1 001', NULL, NULL, NULL, NULL, NULL, NULL, NULL, NULL, NULL, NULL, NULL, NULL, NULL, NULL, NULL, NULL, NULL, NULL),
(2473, '19791015 200312 2 007', NULL, NULL, NULL, NULL, NULL, NULL, NULL, NULL, NULL, NULL, NULL, NULL, NULL, NULL, NULL, NULL, NULL, NULL),
(2474, '19700409 199402 2 003', NULL, NULL, NULL, NULL, NULL, NULL, NULL, NULL, NULL, NULL, NULL, NULL, NULL, NULL, NULL, NULL, NULL, NULL),
(2475, '19630327 198709 1 002', NULL, NULL, NULL, NULL, NULL, NULL, NULL, NULL, NULL, NULL, NULL, NULL, NULL, NULL, NULL, NULL, NULL, NULL),
(2476, '19700210 199403 1 007', NULL, NULL, NULL, NULL, NULL, NULL, NULL, NULL, NULL, NULL, NULL, NULL, NULL, NULL, NULL, NULL, NULL, NULL),
(2477, '19680913 199803 1 008', NULL, NULL, NULL, NULL, NULL, NULL, NULL, NULL, NULL, NULL, NULL, NULL, NULL, NULL, NULL, NULL, NULL, NULL),
(2478, '19730917 200604 2 004', NULL, NULL, NULL, NULL, NULL, NULL, NULL, NULL, NULL, NULL, NULL, NULL, NULL, NULL, NULL, NULL, NULL, NULL),
(2479, '19690905 199403 1 007', NULL, NULL, NULL, NULL, NULL, NULL, NULL, NULL, NULL, NULL, NULL, NULL, NULL, NULL, NULL, NULL, NULL, NULL),
(2480, '19760218 200003 2 004', NULL, NULL, NULL, NULL, NULL, NULL, NULL, NULL, NULL, NULL, NULL, NULL, NULL, NULL, NULL, NULL, NULL, NULL),
(2481, '19730322 200112 1 005', NULL, NULL, NULL, NULL, NULL, NULL, NULL, NULL, NULL, NULL, NULL, NULL, NULL, NULL, NULL, NULL, NULL, NULL),
(2482, '19771106 200701 1 009', NULL, NULL, NULL, NULL, NULL, NULL, NULL, NULL, NULL, NULL, NULL, NULL, NULL, NULL, NULL, NULL, NULL, NULL),
(2483, '19741103 200701 1 009', NULL, NULL, NULL, NULL, NULL, NULL, NULL, NULL, NULL, NULL, NULL, NULL, NULL, NULL, NULL, NULL, NULL, NULL),
(2484, '19750724 200701 2 012', NULL, NULL, NULL, NULL, NULL, NULL, NULL, NULL, NULL, NULL, NULL, NULL, NULL, NULL, NULL, NULL, NULL, NULL),
(2485, '19770404 200701 1 017', NULL, NULL, NULL, NULL, NULL, NULL, NULL, NULL, NULL, NULL, NULL, NULL, NULL, NULL, NULL, NULL, NULL, NULL),
(2486, '19790825 200801 2 029', NULL, NULL, NULL, NULL, NULL, NULL, NULL, NULL, NULL, NULL, NULL, NULL, NULL, NULL, NULL, NULL, NULL, NULL),
(2487, '19781207 200801 1 006', NULL, NULL, NULL, NULL, NULL, NULL, NULL, NULL, NULL, NULL, NULL, NULL, NULL, NULL, NULL, NULL, NULL, NULL),
(2488, '19771107 200801 2 018', NULL, NULL, NULL, NULL, NULL, NULL, NULL, NULL, NULL, NULL, NULL, NULL, NULL, NULL, NULL, NULL, NULL, NULL),
(2489, '19770720 200801 2 012', NULL, NULL, NULL, NULL, NULL, NULL, NULL, NULL, NULL, NULL, NULL, NULL, NULL, NULL, NULL, NULL, NULL, NULL),
(2490, '19750722 200801 2 013', NULL, NULL, NULL, NULL, NULL, NULL, NULL, NULL, NULL, NULL, NULL, NULL, NULL, NULL, NULL, NULL, NULL, NULL),
(2491, '19651103 198803 1 011', NULL, NULL, NULL, NULL, NULL, NULL, NULL, NULL, NULL, NULL, NULL, NULL, NULL, NULL, NULL, NULL, NULL, NULL),
(2492, '19640501 198710 2 001', NULL, NULL, NULL, NULL, NULL, NULL, NULL, NULL, NULL, NULL, NULL, NULL, NULL, NULL, NULL, NULL, NULL, NULL),
(2493, '19640520 198711 1 001', NULL, NULL, NULL, NULL, NULL, NULL, NULL, NULL, NULL, NULL, NULL, NULL, NULL, NULL, NULL, NULL, NULL, NULL),
(2494, '19740226 200901 2 008', NULL, NULL, NULL, NULL, NULL, NULL, NULL, NULL, NULL, NULL, NULL, NULL, NULL, NULL, NULL, NULL, NULL, NULL),
(2495, '19761217 200901 1 100', NULL, NULL, NULL, NULL, NULL, NULL, NULL, NULL, NULL, NULL, NULL, NULL, NULL, NULL, NULL, NULL, NULL, NULL),
(2496, '19751201 200901 2 001', NULL, NULL, NULL, NULL, NULL, NULL, NULL, NULL, NULL, NULL, NULL, NULL, NULL, NULL, NULL, NULL, NULL, NULL),
(2497, '19800114 200901 2 005', NULL, NULL, NULL, NULL, NULL, NULL, NULL, NULL, NULL, NULL, NULL, NULL, NULL, NULL, NULL, NULL, NULL, NULL),
(2498, '19760921 200901 2 003', NULL, NULL, NULL, NULL, NULL, NULL, NULL, NULL, NULL, NULL, NULL, NULL, NULL, NULL, NULL, NULL, NULL, NULL),
(2499, '19760406 200901 1 008', NULL, NULL, NULL, NULL, NULL, NULL, NULL, NULL, NULL, NULL, NULL, NULL, NULL, NULL, NULL, NULL, NULL, NULL),
(2500, '19750615 200903 1 003', NULL, NULL, NULL, NULL, NULL, NULL, NULL, NULL, NULL, NULL, NULL, NULL, NULL, NULL, NULL, NULL, NULL, NULL),
(2501, '19661229 200901 1 004', NULL, NULL, NULL, NULL, NULL, NULL, NULL, NULL, NULL, NULL, NULL, NULL, NULL, NULL, NULL, NULL, NULL, NULL),
(2502, '19701024 201001 2 001', NULL, NULL, NULL, NULL, NULL, NULL, NULL, NULL, NULL, NULL, NULL, NULL, NULL, NULL, NULL, NULL, NULL, NULL),
(2503, '19820323 201001 2 015', NULL, NULL, NULL, NULL, NULL, NULL, NULL, NULL, NULL, NULL, NULL, NULL, NULL, NULL, NULL, NULL, NULL, NULL),
(2504, '19770803 201001 2 001', NULL, NULL, NULL, NULL, NULL, NULL, NULL, NULL, NULL, NULL, NULL, NULL, NULL, NULL, NULL, NULL, NULL, NULL),
(2505, '19691223 200112 2 002', NULL, NULL, NULL, NULL, NULL, NULL, NULL, NULL, NULL, NULL, NULL, NULL, NULL, NULL, NULL, NULL, NULL, NULL),
(2506, '19680630 200501 2 001', NULL, NULL, NULL, NULL, NULL, NULL, NULL, NULL, NULL, NULL, NULL, NULL, NULL, NULL, NULL, NULL, NULL, NULL),
(2507, '19840316 200502 1 002', NULL, NULL, NULL, NULL, NULL, NULL, NULL, NULL, NULL, NULL, NULL, NULL, NULL, NULL, NULL, NULL, NULL, NULL),
(2508, '19700907 200003 2 004', NULL, NULL, NULL, NULL, NULL, NULL, NULL, NULL, NULL, NULL, NULL, NULL, NULL, NULL, NULL, NULL, NULL, NULL),
(2509, '19710217 200801 2 018', NULL, NULL, NULL, NULL, NULL, NULL, NULL, NULL, NULL, NULL, NULL, NULL, NULL, NULL, NULL, NULL, NULL, NULL),
(2510, '19750829 199803 2 004', NULL, NULL, NULL, NULL, NULL, NULL, NULL, NULL, NULL, NULL, NULL, NULL, NULL, NULL, NULL, NULL, NULL, NULL),
(2511, '19630502 198603 1 022', NULL, NULL, NULL, NULL, NULL, NULL, NULL, NULL, NULL, NULL, NULL, NULL, NULL, NULL, NULL, NULL, NULL, NULL),
(2512, '19650510 1989022003', NULL, NULL, NULL, NULL, NULL, NULL, NULL, NULL, NULL, NULL, NULL, NULL, NULL, NULL, NULL, NULL, NULL, NULL),
(2513, '19661120 199103 2 006', NULL, NULL, NULL, NULL, NULL, NULL, NULL, NULL, NULL, NULL, NULL, NULL, NULL, NULL, NULL, NULL, NULL, NULL),
(2514, '19660430 198909 2 001', NULL, NULL, NULL, NULL, NULL, NULL, NULL, NULL, NULL, NULL, NULL, NULL, NULL, NULL, NULL, NULL, NULL, NULL),
(2515, '19771123 200901 2 002', NULL, NULL, NULL, NULL, NULL, NULL, NULL, NULL, NULL, NULL, NULL, NULL, NULL, NULL, NULL, NULL, NULL, NULL),
(2516, '19690416 200901 1 002', NULL, NULL, NULL, NULL, NULL, NULL, NULL, NULL, NULL, NULL, NULL, NULL, NULL, NULL, NULL, NULL, NULL, NULL),
(2517, '19780315 200801 2 027', NULL, NULL, NULL, NULL, NULL, NULL, NULL, NULL, NULL, NULL, NULL, NULL, NULL, NULL, NULL, NULL, NULL, NULL),
(2518, '19800204 201001 1 001', NULL, NULL, NULL, NULL, NULL, NULL, NULL, NULL, NULL, NULL, NULL, NULL, NULL, NULL, NULL, NULL, NULL, NULL),
(2519, '19860404 201503 2 003', NULL, NULL, NULL, NULL, NULL, NULL, NULL, NULL, NULL, NULL, NULL, NULL, NULL, NULL, NULL, NULL, NULL, NULL),
(2520, '19730117 200701 2 007', NULL, NULL, NULL, NULL, NULL, NULL, NULL, NULL, NULL, NULL, NULL, NULL, NULL, NULL, NULL, NULL, NULL, NULL),
(2521, '19830905 201503 1 001', NULL, NULL, NULL, NULL, NULL, NULL, NULL, NULL, NULL, NULL, NULL, NULL, NULL, NULL, NULL, NULL, NULL, NULL),
(2522, '19741027 201212 2 001', NULL, NULL, NULL, NULL, NULL, NULL, NULL, NULL, NULL, NULL, NULL, NULL, NULL, NULL, NULL, NULL, NULL, NULL),
(2523, '19821206 201503 2 001', NULL, NULL, NULL, NULL, NULL, NULL, NULL, NULL, NULL, NULL, NULL, NULL, NULL, NULL, NULL, NULL, NULL, NULL),
(2524, '19771005 200701 2 027', NULL, NULL, NULL, NULL, NULL, NULL, NULL, NULL, NULL, NULL, NULL, NULL, NULL, NULL, NULL, NULL, NULL, NULL),
(2525, '19820530 201706  1 001', NULL, NULL, NULL, NULL, NULL, NULL, NULL, NULL, NULL, NULL, NULL, NULL, NULL, NULL, NULL, NULL, NULL, NULL),
(2526, '19830217 201706 2 001', NULL, NULL, NULL, NULL, NULL, NULL, NULL, NULL, NULL, NULL, NULL, NULL, NULL, NULL, NULL, NULL, NULL, NULL),
(2527, '198210162017062000', NULL, NULL, NULL, NULL, NULL, NULL, NULL, NULL, NULL, NULL, NULL, NULL, NULL, NULL, NULL, NULL, NULL, NULL),
(2528, '19680429 200501 1 002', NULL, NULL, NULL, NULL, NULL, NULL, NULL, NULL, NULL, NULL, NULL, NULL, NULL, NULL, NULL, NULL, NULL, NULL),
(2529, '19640426 200212 1 001', NULL, NULL, NULL, NULL, NULL, NULL, NULL, NULL, NULL, NULL, NULL, NULL, NULL, NULL, NULL, NULL, NULL, NULL),
(2530, '19831129 201101 1 001', NULL, NULL, NULL, NULL, NULL, NULL, NULL, NULL, NULL, NULL, NULL, NULL, NULL, NULL, NULL, NULL, NULL, NULL),
(2531, '19781214 200701 1 014', NULL, NULL, NULL, NULL, NULL, NULL, NULL, NULL, NULL, NULL, NULL, NULL, NULL, NULL, NULL, NULL, NULL, NULL),
(2532, '19810908 200701 1 007', NULL, NULL, NULL, NULL, NULL, NULL, NULL, NULL, NULL, NULL, NULL, NULL, NULL, NULL, NULL, NULL, NULL, NULL),
(2533, '19830312 200701 1 004', NULL, NULL, NULL, NULL, NULL, NULL, NULL, NULL, NULL, NULL, NULL, NULL, NULL, NULL, NULL, NULL, NULL, NULL),
(2534, '19740906 200701 1 008', NULL, NULL, NULL, NULL, NULL, NULL, NULL, NULL, NULL, NULL, NULL, NULL, NULL, NULL, NULL, NULL, NULL, NULL),
(2535, '19770514 200701 1 020', NULL, NULL, NULL, NULL, NULL, NULL, NULL, NULL, NULL, NULL, NULL, NULL, NULL, NULL, NULL, NULL, NULL, NULL),
(2536, '19700804 200701 1 014', NULL, NULL, NULL, NULL, NULL, NULL, NULL, NULL, NULL, NULL, NULL, NULL, NULL, NULL, NULL, NULL, NULL, NULL),
(2537, '19811201 200801 1 013', NULL, NULL, NULL, NULL, NULL, NULL, NULL, NULL, NULL, NULL, NULL, NULL, NULL, NULL, NULL, NULL, NULL, NULL),
(2538, '19750727 200801 1 020', NULL, NULL, NULL, NULL, NULL, NULL, NULL, NULL, NULL, NULL, NULL, NULL, NULL, NULL, NULL, NULL, NULL, NULL),
(2539, '19780822 201001 1 003', NULL, NULL, NULL, NULL, NULL, NULL, NULL, NULL, NULL, NULL, NULL, NULL, NULL, NULL, NULL, NULL, NULL, NULL),
(2540, '19710901 200901 1 003', NULL, NULL, NULL, NULL, NULL, NULL, NULL, NULL, NULL, NULL, NULL, NULL, NULL, NULL, NULL, NULL, NULL, NULL),
(2541, '19820823 201001 1 001', NULL, NULL, NULL, NULL, NULL, NULL, NULL, NULL, NULL, NULL, NULL, NULL, NULL, NULL, NULL, NULL, NULL, NULL),
(2542, '19750815 200901 1 005', NULL, NULL, NULL, NULL, NULL, NULL, NULL, NULL, NULL, NULL, NULL, NULL, NULL, NULL, NULL, NULL, NULL, NULL),
(2543, '19730505 200701 1 024', NULL, NULL, NULL, NULL, NULL, NULL, NULL, NULL, NULL, NULL, NULL, NULL, NULL, NULL, NULL, NULL, NULL, NULL),
(2544, '19860826 201503 1 003', NULL, NULL, NULL, NULL, NULL, NULL, NULL, NULL, NULL, NULL, NULL, NULL, NULL, NULL, NULL, NULL, NULL, NULL),
(2545, '19680901 201001 1 001', NULL, NULL, NULL, NULL, NULL, NULL, NULL, NULL, NULL, NULL, NULL, NULL, NULL, NULL, NULL, NULL, NULL, NULL),
(2546, '19820502 201706 2 002', NULL, NULL, NULL, NULL, NULL, NULL, NULL, NULL, NULL, NULL, NULL, NULL, NULL, NULL, NULL, NULL, NULL, NULL),
(2547, '19830217 201706 1 004', NULL, NULL, NULL, NULL, NULL, NULL, NULL, NULL, NULL, NULL, NULL, NULL, NULL, NULL, NULL, NULL, NULL, NULL),
(2548, '19850617 201706 1 001', NULL, NULL, NULL, NULL, NULL, NULL, NULL, NULL, NULL, NULL, NULL, NULL, NULL, NULL, NULL, NULL, NULL, NULL),
(2549, '19861015 201706 2 001', NULL, NULL, NULL, NULL, NULL, NULL, NULL, NULL, NULL, NULL, NULL, NULL, NULL, NULL, NULL, NULL, NULL, NULL),
(2550, '19880114 201706 2 001', NULL, NULL, NULL, NULL, NULL, NULL, NULL, NULL, NULL, NULL, NULL, NULL, NULL, NULL, NULL, NULL, NULL, NULL),
(2551, '19711203 200701 1 012', NULL, NULL, NULL, NULL, NULL, NULL, NULL, NULL, NULL, NULL, NULL, NULL, NULL, NULL, NULL, NULL, NULL, NULL),
(2552, '19661212 201001 1 003', NULL, NULL, NULL, NULL, NULL, NULL, NULL, NULL, NULL, NULL, NULL, NULL, NULL, NULL, NULL, NULL, NULL, NULL);

-- --------------------------------------------------------

--
-- Table structure for table `levels`
--

CREATE TABLE `levels` (
  `id` int(11) NOT NULL,
  `nama` varchar(255) DEFAULT NULL,
  `created_at` timestamp NULL DEFAULT NULL,
  `updated_at` timestamp NULL DEFAULT NULL,
  `deleted_at` timestamp NULL DEFAULT NULL
) ENGINE=InnoDB DEFAULT CHARSET=utf8 ROW_FORMAT=DYNAMIC;

--
-- Dumping data for table `levels`
--

INSERT INTO `levels` (`id`, `nama`, `created_at`, `updated_at`, `deleted_at`) VALUES
(1, 'Direksi', '2020-02-02 01:07:10', '2020-02-03 14:50:55', NULL);

-- --------------------------------------------------------

--
-- Table structure for table `migrations`
--

CREATE TABLE `migrations` (
  `id` int(10) UNSIGNED NOT NULL,
  `migration` varchar(255) COLLATE utf8mb4_unicode_ci NOT NULL,
  `batch` int(11) NOT NULL
) ENGINE=InnoDB DEFAULT CHARSET=utf8mb4 COLLATE=utf8mb4_unicode_ci ROW_FORMAT=DYNAMIC;

-- --------------------------------------------------------

--
-- Table structure for table `name_posisions`
--

CREATE TABLE `name_posisions` (
  `id` int(11) NOT NULL,
  `nama` varchar(255) DEFAULT NULL,
  `created_at` timestamp NULL DEFAULT NULL,
  `updated_at` timestamp NULL DEFAULT NULL,
  `deleted_at` timestamp NULL DEFAULT NULL
) ENGINE=InnoDB DEFAULT CHARSET=utf8 ROW_FORMAT=DYNAMIC;

--
-- Dumping data for table `name_posisions`
--

INSERT INTO `name_posisions` (`id`, `nama`, `created_at`, `updated_at`, `deleted_at`) VALUES
(44, 'Kepala Dinas Pertanian', '2021-05-15 08:52:30', '2021-05-15 08:52:30', NULL),
(82, 'Penyuluh Pertanian Kota Samarinda', NULL, '2021-05-15 09:02:14', NULL),
(83, 'Penyuluh Pertanian Samarinda Utara', NULL, NULL, NULL),
(87, 'Penyuluh Pertanian BPP Sambutan', NULL, NULL, NULL),
(89, 'Penyuluh Pertanian BPP Sei Kunjang', NULL, NULL, NULL),
(91, 'Sekretaris Dinas Pertanian;', NULL, NULL, NULL),
(92, 'Pelaksana Sub. Bagian Perencanaan Program;', NULL, NULL, NULL),
(93, 'Kepala Bidang Tanaman Pangan;', NULL, NULL, NULL),
(94, 'Kepala Seksi Kesehatan Masyarakat Veteriner Pengolahan dan Pemasaran Hasil Peternakan;', NULL, NULL, NULL),
(95, 'Kepala Bidang Peternakan dan Kesehatan Hewan;', NULL, NULL, NULL),
(96, 'Kepala Seksi Kesehatan Hewan;', NULL, NULL, NULL),
(97, 'Kepala Bidang Penyuluhan Pertanian;', NULL, NULL, NULL),
(98, 'Kasubag. Tata Usaha UPTD Balai Keswan & Kesmavet;', NULL, NULL, NULL),
(99, 'Penyuluh Pertanian BPP Sambutan;', NULL, NULL, NULL),
(100, 'Kepala Bidang Prasarana dan Sarana Pertanian;', NULL, NULL, NULL),
(101, 'Kepala Seksi Benih/Bibit dan Produksi;', NULL, NULL, NULL),
(103, 'Kepala Sub. Bagian Perencanaan Program;', NULL, NULL, NULL),
(104, 'Kepala Bidang Perkebunan;', NULL, NULL, NULL),
(105, 'Kepala UPTD Balai Keswan & Kesmavet;', NULL, NULL, NULL),
(106, 'Kepala Seksi Perbenihan dan Perlindungan Holtikultura ;', NULL, NULL, NULL),
(107, 'Kepala Bidang Hortikultura ;', NULL, NULL, NULL),
(108, 'Kasi Produksi Perkebunan;', NULL, NULL, NULL),
(109, 'Kepala Sub. Bagian Umum dan Kepegawaian;', NULL, NULL, NULL),
(110, 'Kepala Seksi Perbenihan dan Perlindungan Perkebunan;', NULL, NULL, NULL),
(111, 'Pelaksana Seksi Pembenihan dan Perlindungan Tanaman;', NULL, NULL, NULL),
(112, 'Kepala Seksi Pembiayaan dan Investasi ;', NULL, NULL, NULL),
(113, 'Kepala Seksi Pengolahan dan Pemasaran Hasil Perkebunan ;', NULL, NULL, NULL),
(114, 'Kepala Seksi Kelembagaan Penyeluhan Perlindungan Perkebunan;', NULL, NULL, NULL),
(115, 'Kasi Metodologi dan Informasi Penyuluhan;', NULL, NULL, NULL),
(116, 'Kasi Produksi dan Hortikultura;', NULL, NULL, NULL),
(117, 'Admin/Developer', '2021-05-15 09:03:52', '2021-05-15 09:03:52', NULL),
(118, 'Kepala Seksi Pupuk, Pestisida Alat dan Mesin', '2021-05-26 03:19:25', '2021-05-26 03:19:25', NULL),
(119, 'Kepala Seksi Pengolahan dan Pemasaran Hasil Tanaman Pangan', '2021-05-26 03:24:38', '2021-05-26 03:24:38', NULL),
(120, 'Pelaksana Seksi Lahan dan Irigasi', '2021-05-26 03:33:10', '2021-05-26 03:33:10', NULL),
(121, 'Penyuluh Pertanian BPP Palaran', '2021-05-26 03:33:28', '2021-05-26 03:33:28', NULL),
(122, 'Pelaksan Seksi Kesehatan Masyarakat Veteriner Pengolahan dan Pemasaran Hasil Peternakan', '2021-05-26 03:34:00', '2021-05-26 03:34:00', NULL),
(123, 'Kepala Sub. Bagian Keuangan', '2021-05-26 03:34:24', '2021-05-26 03:34:24', NULL),
(124, 'Penyuluh Pertanian Samarinda Utara', NULL, NULL, NULL),
(125, 'Penyuluh Pertanian Samarinda Utara', NULL, NULL, NULL),
(126, 'Kepala Seksi Produksi Tanaman Pangan', NULL, NULL, NULL),
(127, ' Pelaksana Seksi Tanaman Pangan', NULL, NULL, NULL),
(128, 'Penyuluh Pertanian Samarinda Utara', NULL, NULL, NULL),
(129, 'Pelaksana Seksi Pupuk Pembiayaan dan Investasi', NULL, NULL, NULL),
(130, 'Kepala Seksi Perbenihan dan Perlindungan Tanaman Pangan', NULL, NULL, NULL),
(131, 'Kepala Seksi Lahan dan Irigasi', NULL, NULL, NULL),
(132, 'Kasi Pengolahan dan Pemasaran Hortikultura', NULL, NULL, NULL),
(133, 'Pelaksana Seksi Pembenihan dan Perlindungan Tanaman Pangan', NULL, NULL, NULL),
(134, 'Kasi Ketenagaan Penyuluh Pertanian', NULL, NULL, NULL),
(135, 'Pelaksana Seksi Pembenihan dan Perlindungan Hortikultura', NULL, NULL, NULL),
(136, 'Pelaksana Seksi Kelembagaan Penyuluh Pertanian', NULL, NULL, NULL),
(137, 'Pelaksana Seksi Pembenihan dan  Perlindungan Tanaman Pangan', NULL, NULL, NULL),
(138, 'Pelaksana Seksi Pupuk, Pestisida Alat dan Mesin Pertanian', NULL, NULL, NULL),
(139, 'Pelaksana Seksi Pengolahan dan Pemasaran Hasil Tanaman Pangan', NULL, NULL, NULL),
(140, 'Pelaksana Seksi Pengolahan dan Pemasaran Hasil Tanaman Pangan', NULL, NULL, NULL),
(141, 'Pelaksana Seksi Metode Informasi Penyuluhan Pertanian', NULL, NULL, NULL),
(142, 'Pelaksana Seksi Pengolahan dan Pemasaran Hasil Perkebunan', NULL, NULL, NULL),
(143, 'Pelaksana Seksi Pengolahan dan Pemasaran Hortikultura', NULL, NULL, NULL),
(144, 'Pelaksana Seksi Produksi Perkebunan', NULL, NULL, NULL),
(145, 'Pelaksana Seksi Pengolahan dan Pemasaran Hasil Perkebunan ', NULL, NULL, NULL),
(146, 'Pelaksana Seksi Benih/Bibit dan Produksi', NULL, NULL, NULL),
(147, 'Penyuluh Pertanian Samarinda Utara', NULL, NULL, NULL),
(148, 'Pelaksan Seksi Pembenihan dan Perlindungan Perkebunan', NULL, NULL, NULL),
(149, 'Pelaksan Seksi Produksi Hortikultura', NULL, NULL, NULL),
(150, 'Pelaksana Seksi Tanaman Pangan', NULL, NULL, NULL),
(151, ' Pelaksana Seksi Pengolahan dan Pemasaran Hortikultura', NULL, NULL, NULL),
(152, ' Pelaksana Seksi Produksi Perkebunan', NULL, NULL, NULL),
(153, 'Pelaksana Sub. Bagian Perencanaan Program', NULL, NULL, NULL),
(154, 'Pelaksana Sub. Bagian Keuangan', NULL, NULL, NULL),
(155, 'Pelaksana Seksi Hortikultura', NULL, NULL, NULL),
(156, 'Penyuluh Pertanian BPP Sei Kunjang', NULL, NULL, NULL),
(157, 'Pelaksana Sub. Bagian Keuangan', NULL, NULL, NULL),
(158, 'Pelaksana Sub. Bagian Keuangan', NULL, NULL, NULL),
(159, ' Pelaksana Sub. Bagian Umum dan Kepegawaian', NULL, NULL, NULL),
(160, 'Pengawas Mutu Pakan', NULL, NULL, NULL),
(161, 'Pelaksana Seksi Metode Informasi Penyuluhan Pertanian', NULL, NULL, NULL),
(162, 'Pelaksan Seksi Pembenihan dan Perlindungan Hortikultura', NULL, NULL, NULL),
(163, 'Pelaksana Seksi Pupuk, Pestisida Alat dan Mesin Pertanian', NULL, NULL, NULL),
(164, 'Penyuluh Pertanian Kota Samarinda', NULL, NULL, NULL),
(165, 'Pelaksana Sub. Bagian Keuangan', NULL, NULL, NULL),
(166, 'Penyuluh Pertanian BPP Palaran', NULL, NULL, NULL),
(167, 'Pelaksana Seksi Kelembagaan Penyuluh Pertanian ', NULL, NULL, NULL),
(168, 'Penyuluh Pertanian BPP Sambutan', NULL, NULL, NULL),
(169, 'Penyuluh Pertanian BPP Palaran', NULL, NULL, NULL),
(170, 'Pelaksan Seksi Pembenihan dan Perlindungan Perkebunan', NULL, NULL, NULL),
(171, 'Medik Veteriner', NULL, NULL, NULL),
(172, 'Pelaksana Seksi Lahan dan Irigasi', NULL, NULL, NULL),
(173, 'Pelaksana Seksi Pembenihan dan Perlindungan Hortikultura', NULL, NULL, NULL),
(174, 'Pelaksana Seksi Metode Informasi Penyuluhan Pertanian', NULL, NULL, NULL),
(175, 'Pelaksana Seksi Kesehatan Hewan', NULL, NULL, NULL),
(176, 'Pelaksana Seksi Kelembagaan Penyuluh Pertanian', NULL, NULL, NULL),
(177, 'Pelaksana Sub. Bagian  Keuangan ', NULL, NULL, NULL),
(178, 'Pelaksana Seksi Pembenihan dan Perlindungan Hortikultura', NULL, NULL, NULL),
(179, ' Pelaksana Sub. Bagian Umum dan Kepegawaian', NULL, NULL, NULL),
(180, 'Pelaksana Seksi Benih/Bibit dan Produksi', NULL, NULL, NULL),
(181, 'Pelaksana Seksi Benih/Bibit dan Produksi', NULL, NULL, NULL),
(182, 'Pelaksana Seksi Benih/Bibit dan Produksi', NULL, NULL, NULL),
(183, 'Pelaksana Seksi Ketenagaan Penyuluhan Pertanian', NULL, NULL, NULL),
(184, 'Pelaksana Seksi Benih/Bibit dan Produksi', NULL, NULL, NULL),
(185, 'Penyuluh Pertanian Kota Samarinda', NULL, NULL, NULL),
(186, 'Pelaksana Seksi Pembenihan dan Perlindungan Hortikultura  ', NULL, NULL, NULL),
(187, 'Pelaksana Sub. Bagian Umum dan Kepegawaian', NULL, NULL, NULL),
(188, 'Pelaksana Seksi Benih/Bibit dan Produksi', NULL, NULL, NULL);

-- --------------------------------------------------------

--
-- Table structure for table `pendidikans`
--

CREATE TABLE `pendidikans` (
  `id` int(11) NOT NULL,
  `nama` varchar(255) DEFAULT NULL,
  `created_at` timestamp NULL DEFAULT NULL,
  `updated_at` timestamp NULL DEFAULT NULL,
  `deleted_at` timestamp NULL DEFAULT NULL
) ENGINE=InnoDB DEFAULT CHARSET=utf8 ROW_FORMAT=DYNAMIC;

-- --------------------------------------------------------

--
-- Table structure for table `penggajian`
--

CREATE TABLE `penggajian` (
  `id` int(11) NOT NULL,
  `gaji_pokok` int(11) DEFAULT NULL,
  `tunj_pph` int(11) DEFAULT NULL,
  `tunj_bpjs` int(11) DEFAULT NULL,
  `tunj_jkk` int(11) DEFAULT NULL,
  `tunj_jht` int(11) DEFAULT NULL,
  `tunj_jkm` int(11) DEFAULT NULL,
  `insentif_jab` int(11) DEFAULT NULL,
  `insentif_transportasi` int(11) DEFAULT NULL,
  `insentif_ps` int(11) DEFAULT NULL,
  `insentif_prestasi` int(11) DEFAULT NULL,
  `intensif_telekomunikasi` int(11) DEFAULT NULL,
  `intensif_lembur` int(11) DEFAULT NULL,
  `rapel_gaji` int(11) DEFAULT NULL,
  `rapel_ps` int(11) DEFAULT NULL,
  `rapel_lembur` int(11) DEFAULT NULL,
  `angsuran_ke` varchar(255) DEFAULT NULL,
  `pot_pinaman_kopegtel` int(11) DEFAULT NULL,
  `pot_pinjaman_lain` int(11) DEFAULT NULL,
  `bulan_penggajian` varchar(255) DEFAULT NULL,
  `created_at` timestamp NULL DEFAULT NULL,
  `updated_at` timestamp NULL DEFAULT NULL,
  `deleted_at` timestamp NULL DEFAULT NULL,
  `karyawans_id` int(11) NOT NULL
) ENGINE=InnoDB DEFAULT CHARSET=utf8 ROW_FORMAT=DYNAMIC;

-- --------------------------------------------------------

--
-- Table structure for table `sektors`
--

CREATE TABLE `sektors` (
  `id` int(11) NOT NULL,
  `nama` varchar(255) DEFAULT NULL,
  `latitude` double(10,8) DEFAULT NULL,
  `longtitude` double(11,8) DEFAULT NULL,
  `created_at` timestamp NULL DEFAULT NULL,
  `updated_at` timestamp NULL DEFAULT NULL,
  `deleted_at` timestamp NULL DEFAULT NULL
) ENGINE=InnoDB DEFAULT CHARSET=utf8 ROW_FORMAT=DYNAMIC;

--
-- Dumping data for table `sektors`
--

INSERT INTO `sektors` (`id`, `nama`, `latitude`, `longtitude`, `created_at`, `updated_at`, `deleted_at`) VALUES
(8, 'Dinas Pertanian Kota Samarinda', -0.48932100, 117.14858100, '2020-05-06 03:23:30', '2021-05-11 03:28:22', NULL),
(17, 'Kampus', -0.53640890, 117.12445950, '2021-04-26 07:19:09', '2021-04-26 07:19:09', NULL),
(18, 'Firman', -0.51724500, 117.13327700, '2021-05-02 03:44:30', '2021-05-02 03:56:07', NULL),
(19, 'Rumah Afada', -0.47536500, 117.18791700, '2021-05-11 12:24:05', '2021-05-11 12:24:05', NULL);

-- --------------------------------------------------------

--
-- Table structure for table `statuses`
--

CREATE TABLE `statuses` (
  `id` int(11) NOT NULL,
  `nama` varchar(255) DEFAULT NULL,
  `created_at` timestamp NULL DEFAULT NULL,
  `updated_at` timestamp NULL DEFAULT NULL,
  `deleted_at` timestamp NULL DEFAULT NULL
) ENGINE=InnoDB DEFAULT CHARSET=utf8 ROW_FORMAT=DYNAMIC;

--
-- Dumping data for table `statuses`
--

INSERT INTO `statuses` (`id`, `nama`, `created_at`, `updated_at`, `deleted_at`) VALUES
(1, 'Karyawan Tetap', '2020-02-02 01:10:50', '2020-02-02 01:10:50', NULL),
(2, 'Kontrak', '2020-02-03 15:44:36', '2020-02-03 15:44:36', NULL);

-- --------------------------------------------------------

--
-- Table structure for table `tmp_image`
--

CREATE TABLE `tmp_image` (
  `id` int(11) NOT NULL,
  `image` varchar(255) DEFAULT NULL,
  `created_at` timestamp NULL DEFAULT NULL,
  `updated_at` timestamp NULL DEFAULT NULL,
  `deleted_at` timestamp NULL DEFAULT NULL,
  `users_id` int(11) NOT NULL
) ENGINE=InnoDB DEFAULT CHARSET=utf8 ROW_FORMAT=DYNAMIC;

-- --------------------------------------------------------

--
-- Table structure for table `units`
--

CREATE TABLE `units` (
  `id` int(11) NOT NULL,
  `nama` varchar(255) DEFAULT NULL,
  `created_at` timestamp NULL DEFAULT NULL,
  `updated_at` timestamp NULL DEFAULT NULL,
  `deleted_at` timestamp NULL DEFAULT NULL
) ENGINE=InnoDB DEFAULT CHARSET=utf8 ROW_FORMAT=DYNAMIC;

--
-- Dumping data for table `units`
--

INSERT INTO `units` (`id`, `nama`, `created_at`, `updated_at`, `deleted_at`) VALUES
(1, 'Assurance & Maintenance', '2020-02-02 01:08:08', '2020-02-03 15:27:41', NULL);

-- --------------------------------------------------------

--
-- Table structure for table `users`
--

CREATE TABLE `users` (
  `id` int(11) NOT NULL,
  `name` varchar(255) DEFAULT NULL,
  `nik` int(11) DEFAULT NULL,
  `akses` enum('admin','user') DEFAULT 'user',
  `email` varchar(255) DEFAULT NULL,
  `email_verified_at` timestamp NULL DEFAULT NULL,
  `password` varchar(255) DEFAULT NULL,
  `remember_token` varchar(255) DEFAULT NULL,
  `created_at` timestamp NULL DEFAULT NULL,
  `updated_at` timestamp NULL DEFAULT NULL,
  `deleted_at` timestamp NULL DEFAULT NULL,
  `aktif` enum('YA','TIDAK') DEFAULT 'YA'
) ENGINE=InnoDB DEFAULT CHARSET=utf8 ROW_FORMAT=DYNAMIC;

--
-- Dumping data for table `users`
--

INSERT INTO `users` (`id`, `name`, `nik`, `akses`, `email`, `email_verified_at`, `password`, `remember_token`, `created_at`, `updated_at`, `deleted_at`, `aktif`) VALUES
(1, 'Firman', 889900, 'user', 'firman@gmail.com', NULL, '$2y$10$lUliSv2eu5WqXOlHFQlWAe.C6JRnjEZPk8lRO4LrtxSgJhQAZGPDu', 'rxu7plZrT35dtAAsV19FCxsyHeE4C2qm2cBF4EtYbHZjRwGx1ftKOs4DyIQR', '2020-02-02 00:48:56', '2020-11-14 04:06:23', NULL, 'YA'),
(796, 'admin', 20202, 'admin', 'admin@admin.com', NULL, '$2y$10$eCt1RKBCf/85m0P3pSSbQuVBp3UnmW3zASHhOhIwfERCa56uDaRG6', NULL, '2020-10-09 01:54:34', '2021-04-21 05:21:56', NULL, 'YA'),
(1674, 'Ir. Endang Liansyah, MP', 2021797, 'user', 'endang@gmail.com', NULL, '$2y$10$KpEgnG2jyybKbZhqeddU7.TWt2ak/tz33fXi1OlT4bfeAteiVWPOi', NULL, '2021-05-16 02:58:18', '2021-05-16 02:58:18', NULL, 'YA'),
(1675, 'Badri, SP, MP', 20211675, 'user', 'badri@gmail.com', NULL, '$2y$10$02L4.m.mJhprUwDDKN.2OekNOjJv.EVp4zsavpuntw5YwnLRBqT56', NULL, '2021-05-16 02:59:21', '2021-05-16 02:59:21', NULL, 'YA'),
(1676, 'Hartatik, SPKP', 20211676, 'user', 'hartatik@gmail.com', NULL, '$2y$10$d.mpYO0pXvOKALiqKfMJcuauZhIzUoDizkAWIF2Ik9zOVcY8ndSnS', NULL, '2021-05-16 03:02:55', '2021-05-16 03:02:55', NULL, 'YA'),
(1677, 'Suriansyah, S.Pt', 20211677, 'user', 'suriansyah@gmail.com', NULL, '$2y$10$13JK1na0WEHrsXRKfwChbOmifU/nZjgveNADFg0SFbjtajG9WCiWG', NULL, '2021-05-16 03:04:34', '2021-05-16 03:04:34', NULL, 'YA'),
(1678, 'Ir. Ekowati  Purwaningsih', 20211678, 'user', 'ekowati@gmail.com', NULL, '$2y$10$1OJ2bEq.NJpJuwAnbm.pxuzAz7h8AW4MnnimLPfVwyc1TXTgWVfS.', NULL, '2021-05-16 03:06:56', '2021-05-16 03:06:56', NULL, 'YA'),
(1679, 'Sodik, SP', 20211679, 'user', 'sodik@gmail.com', NULL, '$2y$10$.E.XnCQodtcxUlUdQnMvx.lez3Wowpqv2X5BVrWLgVYx9O1WJhadW', NULL, '2021-05-16 03:07:25', '2021-05-16 03:07:25', NULL, 'YA'),
(1680, 'Abdullah Arjuni, SP', 20211680, 'user', 'abdullah@gmail.com', NULL, '$2y$10$MLNQWv5Gmrq78quxarZkIekgpLcQzS7UQjMiuCR36p5LX5qKzbGVm', NULL, '2021-05-16 03:08:03', '2021-05-16 03:08:03', NULL, 'YA'),
(1681, 'Ir. Sumijan', 20211681, 'user', 'suminjan@gmail.com', NULL, '$2y$10$VO6yzAJ8Efh9xCNDkNsXruefJIhnYWBZfBBpRgSAe1bcs5wcVGSK.', NULL, '2021-05-16 03:08:48', '2021-05-16 03:08:48', NULL, 'YA'),
(1682, 'Theresia Ganna Mangando,SPKP', 20211682, 'user', 'theresia@gmail.com', NULL, '$2y$10$8ESsHrB7tMQbZ6zEO.dyS.cqQJjE2mkoDyc2F0eN73nrMupY/hQvS', NULL, '2021-05-16 03:09:38', '2021-05-16 03:09:38', NULL, 'YA'),
(1683, 'Jumiati, SP, MP', 20211683, 'user', 'jumiati@gmail.com', NULL, '$2y$10$iRvz/g6CR0c.CIftjiLcwO/bwb48f9JVllFKTRVdCQoNmNepmlFi.', NULL, '2021-05-16 03:10:24', '2021-05-16 03:10:24', NULL, 'YA'),
(1684, 'Hj. Dwi Rahmi Adiaty, SP. M.Si', 20211684, 'user', 'dwirahmi@gmail.com', NULL, '$2y$10$l5SgI1sSE2S6F8bvrAp/K.p3zrHOHUy4PpUTFl8ifEnPkCjyp3ohG', NULL, '2021-05-16 03:11:25', '2021-05-16 03:11:25', NULL, 'YA'),
(1685, 'Lia Desyrakhmawati, SP,M.Si', 20211685, 'user', 'desyrakhmawati@gmail.com', NULL, '$2y$10$SMLZ6lnNh8E5PeHtahEdHege/CNWsJH13CdPDcoj9pYuUbXVmnFa.', NULL, '2021-05-16 03:12:30', '2021-05-16 03:12:30', NULL, 'YA'),
(1686, 'Drh. Siti Khairul Saadah Hanif. MP', 20211686, 'user', 'sitikhairul@gmail.com', NULL, '$2y$10$vvQ7yWaWYzyJ2bjGvCbWTuSX.FV5qrTxfr74wHZ6YFhveVpqkdouO', NULL, '2021-05-16 03:14:14', '2021-05-16 03:14:14', NULL, 'YA'),
(1687, 'Drh. H. Mochammad Arifin Musthofa.M.Si', 20211687, 'user', 'arifin@gmail.com', NULL, '$2y$10$.YUPTGWcfiG149EGXesSHefNWFlGWqp9HVAv769tL1GzL.xUJG2oO', NULL, '2021-05-16 03:16:29', '2021-05-16 03:16:29', NULL, 'YA'),
(1688, 'Drh. Jumiyanti', 20211688, 'user', 'jumiyanti@gmail.com', NULL, '$2y$10$pFUic0sTv1ZrCfk4c5Ot3OulXsekDw6LEd.27ur8lKBRAXhos9g2K', NULL, '2021-05-16 03:17:09', '2021-05-16 03:17:09', NULL, 'YA'),
(1689, 'Ir. Hj. Yuliana, MSi', 20211689, 'user', 'yuliana@gmail.com', NULL, '$2y$10$mRKfaJ16TYxRX/ZzevE2F./17CD.U//6bJ3hUdFeve1JqnI5fl4vu', NULL, '2021-05-16 03:17:50', '2021-05-16 03:17:50', NULL, 'YA'),
(1690, 'drh. Kusdiyanto', 20211690, 'user', 'kusdiyanto@gmail.com', NULL, '$2y$10$hYGjfftv2Etjg3FI3LzhCu5jOakXlbS9XWGf2rj2XfOjXbbwOwSWi', NULL, '2021-05-16 03:18:34', '2021-05-16 03:18:34', NULL, 'YA'),
(1691, 'Siti Uriana, SP', 20211691, 'user', 'sitiuriana@gmail.com', NULL, '$2y$10$xv/TPCF1hjs.Ijz4WtiI4uNITGuP77ORPDGq0IAy8AulzLaysGfgm', NULL, '2021-05-16 03:19:09', '2021-05-16 03:19:09', NULL, 'YA'),
(1692, 'Ir. H. Muhammad Syahril', 20211692, 'user', 'syahril@gmail.com', NULL, '$2y$10$rfzpN22GA7Z5tlG7rKHWvOtQcVAHx7f79yXs2A./MWYiGabQu0E2u', NULL, '2021-05-16 03:19:38', '2021-05-16 03:19:38', NULL, 'YA'),
(1693, 'Kumbawan Wibisono, S.PT, MSi', 20211693, 'user', 'kumbawan@gmail.com', NULL, '$2y$10$AKdVxlnpnyuSYaFN1QLOxeWf58xZRRI2sRPrMa/0E6q1PL8sNCyVC', NULL, '2021-05-16 03:20:01', '2021-05-16 03:20:01', NULL, 'YA'),
(1694, 'Suriansyah, SP', 20211694, 'user', 'suriansyah002@gmail.com', NULL, '$2y$10$MFmMPUqBCfnUN/XTS4ajGuj2Xf5Xy.nr0jEhNHKYUgNXERz4ckvEy', NULL, '2021-05-16 03:22:11', '2021-05-16 03:22:11', NULL, 'YA'),
(1695, 'Heriyanto, S.Sos, M.Si', 20211695, 'user', 'heriyanto@gmail.com', NULL, '$2y$10$EOSUnNmKXBOK0pg8Aj8S7uY8kQMN3pE9zjK/Fr.Gpwiu0XxSpiOIC', NULL, '2021-05-16 03:22:34', '2021-05-16 03:22:34', NULL, 'YA'),
(1696, 'Drh. Kartika Hatmisari', 20211696, 'user', 'kartika@gmail.com', NULL, '$2y$10$1fa3plhZ/VVnX6azzhU.M.tKd11Gu5DecEvF5q3BTyftX4jruCinC', NULL, '2021-05-16 03:23:22', '2021-05-16 03:23:22', NULL, 'YA'),
(1697, 'Ardiansyah, SP, M.Si', 20211697, 'user', 'ardiansyah@gmail.com', NULL, '$2y$10$37AyjkU8zZ4aQ7clDMn/s.O55T6A2cC1QBNUoJACSqh87xqjzSVnW', NULL, '2021-05-16 03:24:04', '2021-05-16 03:24:04', NULL, 'YA'),
(1698, 'Ir. Hj. Maryanah, M.Si', 20211698, 'user', 'maryanah@gmail.com', NULL, '$2y$10$0qkVWo3l1bXLiCUykgpiLu7yuGYiIeQY/Q7zK7a.ONGUj2n.Nblx2', NULL, '2021-05-16 03:24:58', '2021-05-16 03:24:58', NULL, 'YA'),
(1699, 'Agustiar Teguh Prayudha, SP', 20211699, 'user', 'agustiar@gmail.com', NULL, '$2y$10$1H.hANPwBLE0JHbcNCilGu8mh66syZZCftlsVlQ1uCqYppNy9Y2uW', NULL, '2021-05-16 03:25:33', '2021-05-16 03:25:33', NULL, 'YA'),
(1700, 'Ir. Nuryanti, BS', 20211700, 'user', 'nuryanti@gmail.com', NULL, '$2y$10$VE20qFmxYrRgwwKN4KMYOufI1j2rf/Cv6MTDJLqcfaUE4S1uugmnK', NULL, '2021-05-16 03:25:55', '2021-05-16 03:25:55', NULL, 'YA'),
(1701, 'Darwis, SP', 20211701, 'user', 'darwis@gmail.com', NULL, '$2y$10$76VM4Ql9zZyR/f72UoOO6OMDf9SUbP0Nrqp88Usifj9THok.rirwu', NULL, '2021-05-16 03:27:20', '2021-05-16 03:27:20', NULL, 'YA'),
(1702, 'Nur Alam Syarif. S.PT', 20211702, 'user', 'syarif@gmail.com', NULL, '$2y$10$JW0sraFTJKQLkKv2HcY/mOxnSRaOaNtBcedopi7v0hMCxdVzUGhNi', NULL, '2021-05-16 03:27:42', '2021-05-16 03:27:42', NULL, 'YA'),
(1703, 'Aji Syarifah Zulaiha, SP', 20211703, 'user', 'syarifah@gmail.com', NULL, '$2y$10$.qQJ7MierWLKqA2jA1jEXulKOBn0K1v/h1y5REIhbJ1BUO18RdBnK', NULL, '2021-05-16 03:28:17', '2021-05-16 03:28:17', NULL, 'YA'),
(1704, 'Friska Tulak Lewa, STP', 20211704, 'user', 'friska@gmail.com', NULL, '$2y$10$xUvztAujR.nvPNgON46PhuQEjcf/Ekwvun95XUMlPlALWSlFceWO2', NULL, '2021-05-16 03:28:42', '2021-05-16 03:28:42', NULL, 'YA'),
(1705, 'Joko Teguh Prihandono, SE', 20211705, 'user', 'jokoteguh@gmail.com', NULL, '$2y$10$DJNKydTx0bgw1O3R4e9cGu6y0SZBDxueJXkNZitEQOuYu4.6baeTK', NULL, '2021-05-16 03:29:14', '2021-05-16 03:29:14', NULL, 'YA'),
(1706, 'Zain Azhari, SP', 20211706, 'user', 'azhari@gmail.com', NULL, '$2y$10$847o7XvtUpmDJaJSOLAQa.ou7XSO1E1zue/18jGNeQw2bcfhzhQPO', NULL, '2021-05-16 03:29:35', '2021-05-16 03:29:35', NULL, 'YA'),
(1707, 'Abdul Hasyim Putra, SP', 20211707, 'user', 'abdulhasyim@gmail.com', NULL, '$2y$10$YqMXFqErHy3xVSzf2ymSJex7llCeWoNXQ1l/IDsrlzmJLj22CxclK', NULL, '2021-05-16 03:29:55', '2021-05-16 03:29:55', NULL, 'YA'),
(1708, 'Rina Rosita, SP', 20211708, 'user', 'rosita@gmail.com', NULL, '$2y$10$.vbwkExtB5zDNHw4FUa7/.HzMnNv59hM53q49Q7X8w5cAxugfHll6', NULL, '2021-05-16 03:30:21', '2021-05-16 03:30:21', NULL, 'YA'),
(1709, 'Ivan Leo Rizky, SP', 20211709, 'user', 'leorizky@gmail.com', NULL, '$2y$10$RfgMyJ2IeGz10fYrx3.pW.LQ.fHWMQ6iPqvfKkTvTvl.lNsWNwHzu', NULL, '2021-05-16 03:49:45', '2021-05-16 03:49:45', NULL, 'YA'),
(1710, 'Iwan Prianto, A.Md', 20211710, 'user', 'prianto@gmail.com', NULL, '$2y$10$CaxlKHfU/W.2KXIQe3F0Pe/qRzw9sCb5c293pAPEitxCqdo2ZBtFa', NULL, '2021-05-16 03:50:24', '2021-05-16 03:50:24', NULL, 'YA'),
(1711, 'Andi Syachriyaty Firdaus, SP', 20211711, 'user', 'andi@gmail.com', NULL, '$2y$10$1fL7zW0b4zMpf5GklaWZZezY/F5u2M2/R5ZtIhZg6CpI0dPxozuNy', NULL, '2021-05-16 03:52:23', '2021-05-16 03:52:23', NULL, 'YA'),
(1712, 'Darmiwanti, SE', 20211712, 'user', 'darmiwanti@gmail.com', NULL, '$2y$10$gJJUte4AD14HFUn0LTfg1ugD6R2K7bmIP3ySSCW2nid/hRL7dsDhS', NULL, '2021-05-16 03:53:03', '2021-05-16 03:53:03', NULL, 'YA'),
(1713, 'Sahar, SPKP', 20211713, 'user', 'sahar@gmail.com', NULL, '$2y$10$Qi/qSW/xNNCQKdQ31PnEq.BWh6yFYHOdLlYTPTiyZWQe5J4xZURie', NULL, '2021-05-16 03:53:32', '2021-05-16 03:53:32', NULL, 'YA'),
(1714, 'Zaenal Abidin, A.Md', 20211714, 'user', 'zaenalabidin@gmail.com', NULL, '$2y$10$xZNxIA0mLI3Z0Qq4fGwuXONHMZHP5agTDBxrI8eMoFVim3B7.qcQm', NULL, '2021-05-16 03:54:15', '2021-05-16 03:54:15', NULL, 'YA'),
(1715, 'Didi Subroto, SP', 20211715, 'user', 'didisubroto@gmail.com', NULL, '$2y$10$1zdHMUhSet5.9C/.QCoVfewYAbnClplk8zp/EyYzDf6fQNlFzTX2i', NULL, '2021-05-16 03:54:35', '2021-05-16 03:54:35', NULL, 'YA'),
(1716, 'Adriana Napitupulu, SP, M.Si', 20211716, 'user', 'andriana@gmail.com', NULL, '$2y$10$03qUQVzoVFjCRsPcvl4E3ezeWt7e/cGxnzdbAbB95tSi50yL8BNOG', NULL, '2021-05-16 03:54:58', '2021-05-16 03:54:58', NULL, 'YA'),
(1717, 'Agung Prabowo, AM.d', 20211717, 'user', 'agungprabowo@gmail.com', NULL, '$2y$10$4.YEAgLtXiTtZ/wK1b4dq.qLhYLKFXsb3C8HsH5P9rYos/Y1cHL7y', NULL, '2021-05-16 03:55:20', '2021-05-16 03:55:20', NULL, 'YA'),
(1718, 'Suciasih Meryati, SP', 20211718, 'user', 'suciasih@gmail.com', NULL, '$2y$10$rFP7.ytNoyJd4tcuzaJnXe3ltHoAZOdhX3ukOCT2zM62YegrJ8jpy', NULL, '2021-05-16 03:55:57', '2021-05-16 03:55:57', NULL, 'YA'),
(1719, 'Aries Norwandy, SP, M.Si', 20211719, 'user', 'norwandy@gmail.com', NULL, '$2y$10$YzEvT2C4UmVSciwSWr4VReP8S.OUz7bd8eaoNpJUw1tmEELXiX1n.', NULL, '2021-05-16 04:07:08', '2021-05-16 04:07:08', NULL, 'YA'),
(1720, 'Mugiyono, SP', 20211720, 'user', 'mugiyono@gmail.com', NULL, '$2y$10$ZK6I/VH1YHPgTIPu3TyG5.53uV493561gueyAtov7DzVtewG7JI/6', NULL, '2021-05-16 04:08:17', '2021-05-16 04:08:17', NULL, 'YA'),
(1721, 'Noke Pattipawaej, SP, MSI', 20211721, 'user', 'noke@gmail.com', NULL, '$2y$10$iOSoTMUWeWxfehoMaf6UCuRSe6PL9a.HQOusIJLWARsXjywFEw36q', NULL, '2021-05-16 04:09:36', '2021-05-16 04:09:36', NULL, 'YA'),
(1722, 'Indriyani, SP', 20211722, 'user', 'indriyani@gmail.com', NULL, '$2y$10$BkwNrrkucj2OLv6cIfa/puNy8Xcaz7kxsC49uBw9El3pdXTblP6yK', NULL, '2021-05-16 04:10:12', '2021-05-16 04:10:12', NULL, 'YA'),
(1723, 'Hary Winarto, SP', 20211723, 'user', 'harywinarto@gmail.com', NULL, '$2y$10$pNTEy5gXNzpjMESs260vke.6Ecd1DxFE52ZA.i5kzqA2j7aMEc9Mi', NULL, '2021-05-16 04:11:44', '2021-05-16 04:11:44', NULL, 'YA'),
(1724, 'Fitriana Agustina, SP', 20211724, 'user', 'fitriana@gmail.com', NULL, '$2y$10$zI40CuWOpB1HYS.BwYVqxOXqj5tjwYiPEgmfUiZWH6X/3VSA/ItDO', NULL, '2021-05-16 04:13:43', '2021-05-16 04:13:43', NULL, 'YA'),
(1725, 'Misran, SP', 20211725, 'user', 'misran@gmail.com', NULL, '$2y$10$e9AOdqXIWhJ1N/gD3DclT.B3cGhwGMqlgY9X1ywFEuIHiP9H394we', NULL, '2021-05-16 04:14:44', '2021-05-16 04:14:44', NULL, 'YA'),
(1726, 'Naomi Randa, SP', 20211726, 'user', 'naomi@gmail.com', NULL, '$2y$10$Jt/3TTZGpDtcMCdjWQeJjutaqBD6bz0nuEafZ7qweO6AfQgDTYwr.', NULL, '2021-05-16 04:15:14', '2021-05-16 04:15:14', NULL, 'YA'),
(1727, 'Ermi Ruswanti, SP', 20211727, 'user', 'ruswanti@gmail.com', NULL, '$2y$10$aUNyo6wrBgh9H9S38eKw4.Kgqtfp4uFHM/DFmUtPkxD3oUqcLl3h2', NULL, '2021-05-16 04:15:46', '2021-05-16 04:15:46', NULL, 'YA'),
(1728, 'Indar Deni, SP', 20211728, 'user', 'indardeni@gmail.com', NULL, '$2y$10$xDrOh187FgcJrJwXKSZjSu7WQB4YyNC/lWYZfpg4AhsyAY.hv.FFy', NULL, '2021-05-16 04:16:13', '2021-05-16 04:16:13', NULL, 'YA'),
(1729, 'Sukadi', 20211729, 'user', 'sukandi@gmail.com', NULL, '$2y$10$DlyRunSwNiG/WgV6D15WFudRrf/8l4NBU2WFVl7Yd6qQHZacC4Hyu', NULL, '2021-05-16 04:16:37', '2021-05-16 04:16:37', NULL, 'YA'),
(1730, 'Peni Supartini, A. Md', 20211730, 'user', 'penisupartini@gmail.com', NULL, '$2y$10$iiMa5wE2NsTPz2G.B3UXaO6.AsMnkra8eIH6aauR0UBhKkk406ZHO', NULL, '2021-05-16 04:33:39', '2021-05-16 04:33:39', NULL, 'YA'),
(1731, 'Safarudin, A.Md', 20211731, 'user', 'safarudin@gmail.com', NULL, '$2y$10$ctH1EJhPCrViILaB4Ovwzu3WnEU36F7JwM6EVufpbxzb7yuVh3aOC', NULL, '2021-05-16 04:37:22', '2021-05-16 04:37:22', NULL, 'YA'),
(1732, 'Erni, SP', 20211732, 'user', 'erni@gmail.com', NULL, '$2y$10$wFpKi/B3GRIQYiiuSkho4erZRCMLh2hIpXu8ySMyA4Y/YHgHpqOlO', NULL, '2021-05-16 04:37:50', '2021-05-16 04:37:50', NULL, 'YA'),
(1733, 'Muhammad Yudhayono, SP', 20211733, 'user', 'yudhayono@gmail.com', NULL, '$2y$10$Javne82MASD5TdQFVBBc..8w5lpS4EloQzNxugYKx2WIWWVMwS3.O', NULL, '2021-05-16 04:38:36', '2021-05-16 04:38:36', NULL, 'YA'),
(1734, 'Sri Wahyuni. A, SP', 20211734, 'user', 'sriwahyuni@gmail.com', NULL, '$2y$10$awVgAy4BCqtujj1YTpWcN.Bolo1eHUgoflcV2VjyAeEWui9ISwuDW', NULL, '2021-05-16 04:39:22', '2021-05-16 04:39:22', NULL, 'YA'),
(1735, 'Rusvita, SP', 20211735, 'user', 'rusvita@gmail.com', NULL, '$2y$10$49qCc638DCyDM0jo6IsE4.p86xK.I0tGISOinrSjkhvJz.P4vJ6Ha', NULL, '2021-05-16 04:39:49', '2021-05-16 04:39:49', NULL, 'YA'),
(1736, 'Henny Hendrawati, SP', 20211736, 'user', 'henny@gmail.com', NULL, '$2y$10$WQBE5tcPjReqSMn78Mc06uEOk4VmbopRHtXGZx.eHZUfT4flFu5qG', NULL, '2021-05-16 04:40:15', '2021-05-16 04:40:15', NULL, 'YA'),
(1737, 'Mukmin, SP', 20211737, 'user', 'mukmin@gmail.com', NULL, '$2y$10$cIAr7QUEYGRwwxEwLs.Ie.9NmeoaYrde.7Qg9e7Igf4cbcQRTamdi', NULL, '2021-05-16 04:40:43', '2021-05-16 04:40:43', NULL, 'YA'),
(1738, 'Ignatius Dirson Pasang, SP', 20211738, 'user', 'dirsonpasang@gmail.com', NULL, '$2y$10$4cCL/R/vzEEnrXXBJcoUT.xswZNddqRRBMHq6MnqBAaXAeF78xdYa', NULL, '2021-05-16 04:41:21', '2021-05-16 04:41:21', NULL, 'YA'),
(1739, 'Ir. Taufiq Rachmani', 20211739, 'user', 'taufiq@gmail.com', NULL, '$2y$10$fPb/BiN6yQgez9JNaj2Vn.TL5NTmrQGBMqNz4YvdtqgKMEeKH8GSa', NULL, '2021-05-16 04:42:10', '2021-05-16 04:42:10', NULL, 'YA'),
(1740, 'Magdalena, SP', 20211740, 'user', 'magdalena@gmail.com', NULL, '$2y$10$XyZqu0D26la7RLtu246lZO4tYr7HY.vPKaZT6U6/uNFjKHec3epwW', NULL, '2021-05-16 04:43:29', '2021-05-16 04:43:29', NULL, 'YA'),
(1741, 'Hj. Indah Handayani, SP', 20211741, 'user', 'handayani@gmail.com', NULL, '$2y$10$9qrjVTEo9XBh/vGbLV2Tb.xV8wS5ZY3oh0EDM6etHnw1pHxj6g2zS', NULL, '2021-05-16 04:44:05', '2021-05-16 04:44:05', NULL, 'YA'),
(1742, 'Kurniah, SP', 20211742, 'user', 'kurniah@gmail.com', NULL, '$2y$10$l0d714by8GC7pul3ePOoB.bLN.YS0ggYpF64d5Qy8iodfb3qv1ifW', NULL, '2021-05-16 04:44:30', '2021-05-16 04:44:30', NULL, 'YA'),
(1743, 'Ridayana, SP', 20211743, 'user', 'rindayana@gmail.com', NULL, '$2y$10$B7bsibFeXFjYhL/2BGcbwOOf8LwPBOeBIMMfruKJUJIcTp1V8aiFO', NULL, '2021-05-16 04:45:28', '2021-05-16 04:45:28', NULL, 'YA'),
(1744, 'Ratna Diana, SST', 20211744, 'user', 'diana@gmail.com', NULL, '$2y$10$R1zDMFQPcplgqZ0J2oyfwulyrPZAosXEZG2a4L22zv02zkHRDKGjW', NULL, '2021-05-16 04:47:01', '2021-05-16 04:47:01', NULL, 'YA'),
(1745, 'Wahyu Ariefianto, SP', 20211745, 'user', 'wahyu@gmail.com', NULL, '$2y$10$HwpwPqTCFo8z1e8h/xPa8OdbX/hDTepgsYWgZLnZ04U7GdJrSujd2', NULL, '2021-05-16 04:47:33', '2021-05-16 04:47:33', NULL, 'YA'),
(1746, 'Euis Nurfaridah, SP', 20211746, 'user', 'nurfaridah@gmail.com', NULL, '$2y$10$whcMyx64Wzn/1hN4rVt58uiwUdW0bTeUxwS7RHZEypGLqFLPScwYe', NULL, '2021-05-16 04:48:09', '2021-05-16 04:48:09', NULL, 'YA'),
(1747, 'Ida Laila, SE', 20211747, 'user', 'laila@gmail.com', NULL, '$2y$10$lY0N1u43ZkjSQPOSfUmmGemtgsr5.Am5afJD0ugcL07eZA2z2rqIK', NULL, '2021-05-16 04:50:35', '2021-05-16 04:50:35', NULL, 'YA'),
(1748, 'Ernawati, SP', 20211748, 'user', 'ernawati@gmail.com', NULL, '$2y$10$ewZ/N9Nqjlz3fy8csV/ED.SaTdq36v4caiRvTVIDXOCJw2l6BF2lm', NULL, '2021-05-16 04:51:08', '2021-05-16 04:51:08', NULL, 'YA'),
(1749, 'Taufik, SP', 20211749, 'user', 'taufik@gmail.com', NULL, '$2y$10$Uv2yb8olGBstK3vfaKbWLOPPLOJlF7Xw.fbMQPrY61x4/W/cnDuL2', NULL, '2021-05-16 04:52:59', '2021-05-16 04:52:59', NULL, 'YA'),
(1750, 'mardiana', 20211750, 'user', 'mardiana@gmail.com', NULL, '$2y$10$Tjd4OcXpCZ3JV9ZK9ruyQ.dVkB8KF4n/9GuphpEl0lIbi7QmI5XJ.', NULL, '2021-05-16 04:53:22', '2021-05-16 04:53:22', NULL, 'YA'),
(1751, 'Catur Reswati', 20211751, 'user', 'caturreswati@gmail.com', NULL, '$2y$10$jh8jyvZpSQTxd7Bj7p7Udu73UhrAulq/z1RN.MuSgzNqENbHboXES', NULL, '2021-05-16 04:54:09', '2021-05-16 04:54:09', NULL, 'YA'),
(1752, 'Hj. Masrupah', 20211752, 'user', 'masrupah@gmail.com', NULL, '$2y$10$.s.uAwCkCPT.rmOq04lt2erhVLR1wz/3lqFMRRmpqdMuMFs4duCgK', NULL, '2021-05-16 04:54:37', '2021-05-16 04:54:37', NULL, 'YA'),
(1753, 'Hj. Ida Zulfiani Nata, S.Pt, MSi', 20211753, 'user', 'zulfiani@gmail.com', NULL, '$2y$10$OyY6J0W4dZt7T/Ws3fpvU.atesZIKvUU.9vobqFju0dSzOjV.Z6vO', NULL, '2021-05-16 04:55:05', '2021-05-16 04:55:05', NULL, 'YA'),
(1754, 'Supratman Manalu, SH', 20211754, 'user', 'manalu@gmail.com', NULL, '$2y$10$8fOqXVwc/QnEjrsmC2HLrOtiz1ftREDl2l19k5PZx2JurZEGxKqB.', NULL, '2021-05-16 04:55:37', '2021-05-16 04:55:37', NULL, 'YA'),
(1755, 'Hj. Silvia Sari, SP', 20211755, 'user', 'silvia@gmail.com', NULL, '$2y$10$qZDv8ndtsCiCMLNZVGEIg.4gr/SjfXKGssnS1YMNEofrDsleSA6wG', NULL, '2021-05-16 04:56:41', '2021-05-16 04:56:41', NULL, 'YA'),
(1756, 'Muhamad Sadri Nur, SP', 20211756, 'user', 'sadri@gmail.com', NULL, '$2y$10$FzlMkcIjmb84MKfuH0WDHuLlSmhMVt9NhD/rdY.bZ1CruX3RDo0eu', NULL, '2021-05-16 04:57:14', '2021-05-16 04:57:14', NULL, 'YA'),
(1757, 'Jamiatul Isra\'iyah, SP', 20211757, 'user', 'jamiatul@gmail.com', NULL, '$2y$10$3RcQRhDP2fkdNbdHCQPxLuG0EuKGAbUpN/BhwYzHg4CUnJ377qNci', NULL, '2021-05-16 04:57:53', '2021-05-16 04:57:53', NULL, 'YA'),
(1758, 'Susy Setiana, SE', 20211758, 'user', 'setiana@gmail.com', NULL, '$2y$10$LrYuBhXMDWrlZM/5K0lUm.pGUBZi/WQErPdnmdcaBxZ8w.pn4vEmS', NULL, '2021-05-16 04:58:26', '2021-05-16 04:58:26', NULL, 'YA'),
(1759, 'Martono Gua, SP', 20211759, 'user', 'martono@gmail.com', NULL, '$2y$10$1aKOp4gFBFx1xtLg6oljau.QRqfL3u.fEtRTpAcgzIfVAu3V1CvvS', NULL, '2021-05-16 04:58:57', '2021-05-16 04:58:57', NULL, 'YA'),
(1760, 'Chitra Norawanty.SP', 20211760, 'user', 'chitra@gmail.com', NULL, '$2y$10$ww/qgud2D3kMNz0a9km5I.hj5OnpBuE6MS43XNfoULHmI0a87Qqcu', NULL, '2021-05-16 04:59:22', '2021-05-16 04:59:22', NULL, 'YA'),
(1761, 'Ely Susana, SP', 20211761, 'user', 'susana@gmail.com', NULL, '$2y$10$P2QRIZuMYfDcRMsKktof0eACs.zAI3ItaSoKZAFyrqyJVwrRRMVX6', NULL, '2021-05-16 04:59:51', '2021-05-16 04:59:51', NULL, 'YA'),
(1762, 'Sumiati, SP', 20211762, 'user', 'sumiati@gmail.com', NULL, '$2y$10$3bX8JqFrIXt95auX5cCysuHft3zbAQaU9ddYdGNQW/kkT7zKRduIK', NULL, '2021-05-16 05:00:13', '2021-05-16 05:00:13', NULL, 'YA'),
(1763, 'Muhammad Rizdhyan, SP', 20211763, 'user', 'rizdhyan@gmail.com', NULL, '$2y$10$jMFwvxgIogkcD/XuErygRegGdCZk5mFULZXXDrRdyqUcWqMWMbH1e', NULL, '2021-05-16 05:00:50', '2021-05-16 05:00:50', NULL, 'YA'),
(1764, 'Dwi Rahayu Mulyaningsih, SP', 20211764, 'user', 'rahayu@gmail.com', NULL, '$2y$10$c8nVZyYkcJ7//ksuWPF52OWRR9y2KB1plAi7xa4HE1vGYmtz.VMTi', NULL, '2021-05-16 08:02:34', '2021-05-16 08:02:34', NULL, 'YA'),
(1765, 'Zulhijriani, SP', 20211765, 'user', 'zulhijriani@gmail.com', NULL, '$2y$10$z4xH5MxpqZZbK2aDjkRAh.cN9V9QlaLVsi3AH1.yWZwuwHwuvB0Pa', NULL, '2021-05-16 08:03:11', '2021-05-16 08:03:11', NULL, 'YA'),
(1766, 'Asta Jenar', 20211766, 'user', 'asta@gmail.com', NULL, '$2y$10$VbfkjIiHn.mnasAfxc24vOmJd14NAiS.G3LLPB.Z8eudk0jAbLEZ2', NULL, '2021-05-16 08:03:32', '2021-05-16 08:03:32', NULL, 'YA'),
(1767, 'Marudut Marpaung', 20211767, 'user', 'marudut@gmail.com', NULL, '$2y$10$3NQdUUInJJkOSs/BQnQsheSDKb0zaqzu7XDCbvdYUI9kShdGoANXq', NULL, '2021-05-16 08:04:32', '2021-05-16 08:04:32', NULL, 'YA'),
(1768, 'Aan Andriyanto,A.Md', 20211768, 'user', 'andriyanto@gmail.com', NULL, '$2y$10$hy2HtdHYND5hFeGMf5vtnuBDVr.o/JPlTOUkS2ULBeWJ/24lVSfFG', NULL, '2021-05-16 08:05:03', '2021-05-16 08:05:03', NULL, 'YA'),
(1769, 'Dhedy Irawan', 20211769, 'user', 'dhedyirawan@gmail.com', NULL, '$2y$10$uHZ043V2gsfjepe7b607KejS5TAJDkmJXApqXu12pjJLQkJtg.Pe6', NULL, '2021-05-16 08:05:32', '2021-05-16 08:05:32', NULL, 'YA'),
(1770, 'Surono Manungkah', 20211770, 'user', 'manungkah@gmail.com', NULL, '$2y$10$yl96Ozx/ZdHhA9sHTxzl3e8mbO0xBGFDb2ekIzR6RgFw0asmc8h06', NULL, '2021-05-16 08:06:13', '2021-05-16 08:06:13', NULL, 'YA'),
(1771, 'Bahtiar Rifai Efendy', 20211771, 'user', 'bahtiar@gmail.com', NULL, '$2y$10$eIRIo5px/8s9Kw7l0mo0BernjELG/6ooZgIS/upeq/M35IOoTL7FG', NULL, '2021-05-16 08:06:41', '2021-05-16 08:06:41', NULL, 'YA'),
(1772, 'Dwi Wahyudi', 20211772, 'user', 'dwiwahyudi@gmail.com', NULL, '$2y$10$V.Zg.C9HpK0FIXKkylKYq.98ab2mQ7GR6uIiNov/DIcka6gOk1Zj2', NULL, '2021-05-16 12:21:17', '2021-05-16 12:21:17', NULL, 'YA'),
(1773, 'Achmad Riansyah', 20211773, 'user', 'riansyah@gmail.com', NULL, '$2y$10$p1KDJA/ONll60qEBfqM/WO/wpksh4QOjJ/QK6nTP1D/gN0qvIoxf6', NULL, '2021-05-16 12:21:57', '2021-05-16 12:21:57', NULL, 'YA'),
(1774, 'Muhammad Sidik', 20211774, 'user', 'sidik@gmail.com', NULL, '$2y$10$.H2XKY23bF5vPV6f4fCXQOQX9WBr.nf/rQLZnSAad4JBG4K/WpXbG', NULL, '2021-05-16 12:22:22', '2021-05-16 12:22:22', NULL, 'YA'),
(1775, 'Riyadi', 20211775, 'user', 'riyadi@gmail.com', NULL, '$2y$10$S5TFWyyFULZbeO3Rol9.LucGfFq3WpqW0skgrkDBgy14SSLpM2FyC', NULL, '2021-05-16 12:22:55', '2021-05-16 12:22:55', NULL, 'YA'),
(1776, 'Asep Nugraha', 20211776, 'user', 'asep@gmail.com', NULL, '$2y$10$gFdkNPIINPyedw0Y.OM3V.nxR8WcEWgbV8rnUhqABC2JBT2HZkcXG', NULL, '2021-05-16 12:23:40', '2021-05-16 12:23:40', NULL, 'YA'),
(1777, 'Achmad Solihin', 20211777, 'user', 'solihin@gmail.com', NULL, '$2y$10$SwpXH5mq0WSwy.JoDqbBi.1pfW8YBK9x8Yq6CDMkpUOUaLwPGxl.2', NULL, '2021-05-16 12:24:04', '2021-05-16 12:24:04', NULL, 'YA'),
(1778, 'Soimin', 20211778, 'user', 'soimin@gmail.com', NULL, '$2y$10$G29SfpBdtdN98ZNN3.4.BOnyorH2BIkNCQS.5CFl.teqTGSxYraiK', NULL, '2021-05-16 12:24:43', '2021-05-16 12:24:43', NULL, 'YA'),
(1779, 'Agus Widodo', 20211779, 'user', 'widodo@gmail.com', NULL, '$2y$10$S6pBeBPN7VPUlSMwzqfCmuE89Ss3XRfUjdwWzmQnRfGK7VsR/DkzS', NULL, '2021-05-16 12:25:38', '2021-05-16 12:25:38', NULL, 'YA'),
(1780, 'Mustafa AT', 20211780, 'user', 'mustafa@gmail.com', NULL, '$2y$10$u1Os6bjXUvywUQiOTuKqk.eq.gtqZCXTtO5BcF7BZGyvjmwUmZv.W', NULL, '2021-05-16 12:27:18', '2021-05-16 12:27:18', NULL, 'YA'),
(1781, 'Kusnanto', 20211781, 'user', 'kusnato@gmail.com', NULL, '$2y$10$VzhoANh4qyfM4/S6V18aReTqFqB/pQ/M0ubTNP6J/GpieVsXgr1He', NULL, '2021-05-16 12:27:49', '2021-05-16 12:27:49', NULL, 'YA'),
(1782, 'Gusti Mohammad Hadri Fazrin', 20211782, 'user', 'gusti@gmail.com', NULL, '$2y$10$j.2IfucSDu334ErcNnbB9uaYp2WbX.wei2c/qpCZtzmPy73Ld1I4.', NULL, '2021-05-16 12:28:15', '2021-05-16 12:28:15', NULL, 'YA'),
(1783, 'Tukimin', 20211783, 'user', 'tukimin@gmail.com', NULL, '$2y$10$nGPA.XCJ9AUzOHL7J2.WKO6Co1yavfRiFDT2Z6U6lFjjZvDDtres2', NULL, '2021-05-16 12:28:41', '2021-05-16 12:28:41', NULL, 'YA'),
(1784, 'Yusnita Taurisia', 20211784, 'user', 'yusnita@gmail.com', NULL, '$2y$10$0Nu5z.Co7EktF7JdLKc5Le8.Mi8B2AbrB4ZQCkZv6bnlvmH0ZyqXC', NULL, '2021-05-16 12:29:13', '2021-05-16 12:29:13', NULL, 'YA'),
(1785, 'Kaleb', 20211785, 'user', 'kaleb@gmail.com', NULL, '$2y$10$wGZ/TmU4fW6ZGiSXzsNUIeDJCA.G4TJMH3RSlRy6mGuSRoOYglSe2', NULL, '2021-05-16 12:29:36', '2021-05-16 12:29:36', NULL, 'YA'),
(1786, 'Syahrani', 20211786, 'user', 'syahrani@gmail.com', NULL, '$2y$10$.gTBoD5jbf4WpWQ8SPkr0OfseDOHRRMY/w1amPTzo0AFOO.023/y6', NULL, '2021-05-16 12:30:01', '2021-05-16 12:30:01', NULL, 'YA'),
(1787, 'Lediana Helmi', 20211787, 'user', 'lediana@gmail.com', NULL, '$2y$10$JwmX6tizquRsUTaKSLz9Bu/M.xcFhBgFxjuMitmYZWUnzg5A5Bc5a', NULL, '2021-05-16 12:30:38', '2021-05-16 12:30:38', NULL, 'YA'),
(1788, 'Ria Kartika', 20211788, 'user', 'kartika@gmail.com', NULL, '$2y$10$auW4b2G3g81.pkZUzs3zm.sxGXbWKOCWF11jZD8y4s9ufzIke7XZC', NULL, '2021-05-16 12:30:59', '2021-05-16 12:30:59', NULL, 'YA'),
(1789, 'Ramli', 20211789, 'user', 'ramli@gmail.com', NULL, '$2y$10$d.mIUdf0KRXZAl68GeKxTekbooXOG8l3/nOt691A9hst/6XAC64e2', NULL, '2021-05-16 12:31:26', '2021-05-16 12:31:26', NULL, 'YA'),
(1790, 'Imam Suprayitno', 20211790, 'user', 'suprayitno@gmail.com', NULL, '$2y$10$w6AtOAI0RulOzv1OCjXvCO4mSFTMdQH27us9417LBKLCj/FvMKx92', NULL, '2021-05-16 12:32:14', '2021-05-16 12:32:14', NULL, 'YA');

--
-- Indexes for dumped tables
--

--
-- Indexes for table `absensis`
--
ALTER TABLE `absensis`
  ADD PRIMARY KEY (`id`) USING BTREE,
  ADD KEY `fk_absensis_karyawans1_idx` (`karyawans_id`) USING BTREE;

--
-- Indexes for table `agamas`
--
ALTER TABLE `agamas`
  ADD PRIMARY KEY (`id`) USING BTREE;

--
-- Indexes for table `banks`
--
ALTER TABLE `banks`
  ADD PRIMARY KEY (`id`) USING BTREE;

--
-- Indexes for table `foto_recognition`
--
ALTER TABLE `foto_recognition`
  ADD PRIMARY KEY (`id`) USING BTREE,
  ADD KEY `fk_foto_recognition_users1_idx` (`users_id`) USING BTREE;

--
-- Indexes for table `gol_darahs`
--
ALTER TABLE `gol_darahs`
  ADD PRIMARY KEY (`id`) USING BTREE;

--
-- Indexes for table `insentifs`
--
ALTER TABLE `insentifs`
  ADD PRIMARY KEY (`id`) USING BTREE;

--
-- Indexes for table `jamkerja`
--
ALTER TABLE `jamkerja`
  ADD PRIMARY KEY (`id`) USING BTREE;

--
-- Indexes for table `karyawans`
--
ALTER TABLE `karyawans`
  ADD PRIMARY KEY (`id`) USING BTREE,
  ADD KEY `fk_karyawans_name_posisions1_idx` (`name_posisions_id`) USING BTREE,
  ADD KEY `fk_karyawans_units1_idx` (`units_id`) USING BTREE,
  ADD KEY `fk_karyawans_sektors1_idx` (`sektors_id`) USING BTREE,
  ADD KEY `fk_karyawans_agamas1_idx` (`agamas_id`) USING BTREE,
  ADD KEY `fk_karyawans_statuses1_idx` (`statuses_id`) USING BTREE,
  ADD KEY `fk_karyawans_users1_idx` (`users_id`) USING BTREE;

--
-- Indexes for table `levels`
--
ALTER TABLE `levels`
  ADD PRIMARY KEY (`id`) USING BTREE;

--
-- Indexes for table `migrations`
--
ALTER TABLE `migrations`
  ADD PRIMARY KEY (`id`) USING BTREE;

--
-- Indexes for table `name_posisions`
--
ALTER TABLE `name_posisions`
  ADD PRIMARY KEY (`id`) USING BTREE;

--
-- Indexes for table `pendidikans`
--
ALTER TABLE `pendidikans`
  ADD PRIMARY KEY (`id`) USING BTREE;

--
-- Indexes for table `penggajian`
--
ALTER TABLE `penggajian`
  ADD PRIMARY KEY (`id`) USING BTREE,
  ADD KEY `fk_penggajian_karyawans1_idx` (`karyawans_id`) USING BTREE;

--
-- Indexes for table `sektors`
--
ALTER TABLE `sektors`
  ADD PRIMARY KEY (`id`) USING BTREE;

--
-- Indexes for table `statuses`
--
ALTER TABLE `statuses`
  ADD PRIMARY KEY (`id`) USING BTREE;

--
-- Indexes for table `tmp_image`
--
ALTER TABLE `tmp_image`
  ADD PRIMARY KEY (`id`) USING BTREE,
  ADD KEY `fk_tmp_image_users1_idx` (`users_id`) USING BTREE;

--
-- Indexes for table `units`
--
ALTER TABLE `units`
  ADD PRIMARY KEY (`id`) USING BTREE;

--
-- Indexes for table `users`
--
ALTER TABLE `users`
  ADD PRIMARY KEY (`id`) USING BTREE,
  ADD UNIQUE KEY `nik_UNIQUE` (`nik`) USING BTREE;

--
-- AUTO_INCREMENT for dumped tables
--

--
-- AUTO_INCREMENT for table `absensis`
--
ALTER TABLE `absensis`
  MODIFY `id` int(11) NOT NULL AUTO_INCREMENT, AUTO_INCREMENT=85;

--
-- AUTO_INCREMENT for table `agamas`
--
ALTER TABLE `agamas`
  MODIFY `id` int(11) NOT NULL AUTO_INCREMENT, AUTO_INCREMENT=6;

--
-- AUTO_INCREMENT for table `banks`
--
ALTER TABLE `banks`
  MODIFY `id` int(11) NOT NULL AUTO_INCREMENT, AUTO_INCREMENT=6;

--
-- AUTO_INCREMENT for table `foto_recognition`
--
ALTER TABLE `foto_recognition`
  MODIFY `id` int(11) NOT NULL AUTO_INCREMENT, AUTO_INCREMENT=2;

--
-- AUTO_INCREMENT for table `gol_darahs`
--
ALTER TABLE `gol_darahs`
  MODIFY `id` int(11) NOT NULL AUTO_INCREMENT, AUTO_INCREMENT=5;

--
-- AUTO_INCREMENT for table `jamkerja`
--
ALTER TABLE `jamkerja`
  MODIFY `id` int(10) UNSIGNED NOT NULL AUTO_INCREMENT, AUTO_INCREMENT=3;

--
-- AUTO_INCREMENT for table `karyawans`
--
ALTER TABLE `karyawans`
  MODIFY `id` int(11) NOT NULL AUTO_INCREMENT, AUTO_INCREMENT=2553;

--
-- AUTO_INCREMENT for table `levels`
--
ALTER TABLE `levels`
  MODIFY `id` int(11) NOT NULL AUTO_INCREMENT, AUTO_INCREMENT=8;

--
-- AUTO_INCREMENT for table `migrations`
--
ALTER TABLE `migrations`
  MODIFY `id` int(10) UNSIGNED NOT NULL AUTO_INCREMENT;

--
-- AUTO_INCREMENT for table `name_posisions`
--
ALTER TABLE `name_posisions`
  MODIFY `id` int(11) NOT NULL AUTO_INCREMENT, AUTO_INCREMENT=189;

--
-- AUTO_INCREMENT for table `pendidikans`
--
ALTER TABLE `pendidikans`
  MODIFY `id` int(11) NOT NULL AUTO_INCREMENT, AUTO_INCREMENT=11;

--
-- AUTO_INCREMENT for table `penggajian`
--
ALTER TABLE `penggajian`
  MODIFY `id` int(11) NOT NULL AUTO_INCREMENT, AUTO_INCREMENT=15;

--
-- AUTO_INCREMENT for table `sektors`
--
ALTER TABLE `sektors`
  MODIFY `id` int(11) NOT NULL AUTO_INCREMENT, AUTO_INCREMENT=20;

--
-- AUTO_INCREMENT for table `statuses`
--
ALTER TABLE `statuses`
  MODIFY `id` int(11) NOT NULL AUTO_INCREMENT, AUTO_INCREMENT=3;

--
-- AUTO_INCREMENT for table `tmp_image`
--
ALTER TABLE `tmp_image`
  MODIFY `id` int(11) NOT NULL AUTO_INCREMENT;

--
-- AUTO_INCREMENT for table `units`
--
ALTER TABLE `units`
  MODIFY `id` int(11) NOT NULL AUTO_INCREMENT, AUTO_INCREMENT=6;

--
-- AUTO_INCREMENT for table `users`
--
ALTER TABLE `users`
  MODIFY `id` int(11) NOT NULL AUTO_INCREMENT, AUTO_INCREMENT=1791;

--
-- Constraints for dumped tables
--

--
-- Constraints for table `absensis`
--
ALTER TABLE `absensis`
  ADD CONSTRAINT `fk_absensis_karyawans1` FOREIGN KEY (`karyawans_id`) REFERENCES `karyawans` (`id`) ON DELETE NO ACTION ON UPDATE NO ACTION;

--
-- Constraints for table `foto_recognition`
--
ALTER TABLE `foto_recognition`
  ADD CONSTRAINT `fk_foto_recognition_users1` FOREIGN KEY (`users_id`) REFERENCES `users` (`id`) ON DELETE NO ACTION ON UPDATE NO ACTION;

--
-- Constraints for table `karyawans`
--
ALTER TABLE `karyawans`
  ADD CONSTRAINT `fk_karyawans_agamas1` FOREIGN KEY (`agamas_id`) REFERENCES `agamas` (`id`) ON DELETE NO ACTION ON UPDATE NO ACTION,
  ADD CONSTRAINT `fk_karyawans_name_posisions1` FOREIGN KEY (`name_posisions_id`) REFERENCES `name_posisions` (`id`) ON DELETE NO ACTION ON UPDATE NO ACTION,
  ADD CONSTRAINT `fk_karyawans_sektors1` FOREIGN KEY (`sektors_id`) REFERENCES `sektors` (`id`) ON DELETE NO ACTION ON UPDATE NO ACTION,
  ADD CONSTRAINT `fk_karyawans_statuses1` FOREIGN KEY (`statuses_id`) REFERENCES `statuses` (`id`) ON DELETE NO ACTION ON UPDATE NO ACTION,
  ADD CONSTRAINT `fk_karyawans_units1` FOREIGN KEY (`units_id`) REFERENCES `units` (`id`) ON DELETE NO ACTION ON UPDATE NO ACTION,
  ADD CONSTRAINT `fk_karyawans_users1` FOREIGN KEY (`users_id`) REFERENCES `users` (`id`) ON DELETE NO ACTION ON UPDATE NO ACTION;

--
-- Constraints for table `penggajian`
--
ALTER TABLE `penggajian`
  ADD CONSTRAINT `fk_penggajian_karyawans1` FOREIGN KEY (`karyawans_id`) REFERENCES `karyawans` (`id`) ON DELETE NO ACTION ON UPDATE NO ACTION;

--
-- Constraints for table `tmp_image`
--
ALTER TABLE `tmp_image`
  ADD CONSTRAINT `fk_tmp_image_users1` FOREIGN KEY (`users_id`) REFERENCES `users` (`id`) ON DELETE NO ACTION ON UPDATE NO ACTION;
COMMIT;

/*!40101 SET CHARACTER_SET_CLIENT=@OLD_CHARACTER_SET_CLIENT */;
/*!40101 SET CHARACTER_SET_RESULTS=@OLD_CHARACTER_SET_RESULTS */;
/*!40101 SET COLLATION_CONNECTION=@OLD_COLLATION_CONNECTION */;
